"","BIOME","ISO_A3","carbon_potential","potential_value","CP"
"1",1,"",13411535.9694706,22,"pasture"
"2",1,"CAN",43293159.7413529,19,"pasture"
"3",1,"CHN",9501.93988235294,47,"pasture"
"4",1,"FIN",4488424.452,28,"pasture"
"5",1,"ISL",6985820.2127647,22,"pasture"
"6",1,"MNG",41283658.2637059,49,"pasture"
"7",1,"NOR",2327349.52305882,44,"pasture"
"8",1,"RUS",66121641.0557647,32,"pasture"
"9",1,"SPM",38180.5203529412,16,"pasture"
"10",1,"SWE",1358227.65335294,32,"pasture"
"11",1,"USA",3996737.43547059,19,"pasture"
"12",2,"",33510606.636,46,"pasture"
"13",2,"ABW",79926.8784705886,77,"pasture"
"14",2,"AFG",900444630.357882,81,"pasture"
"15",2,"AGO",99769078.0309411,50,"pasture"
"16",2,"AIA",65089.9900588236,56,"pasture"
"17",2,"ARE",2403689.66135294,18,"pasture"
"18",2,"ATG",196326.829235294,48,"pasture"
"19",2,"AUS",2325080239.02565,38,"pasture"
"20",2,"AZE",17404675.9484118,63,"pasture"
"21",2,"BHR",NA,NA,"pasture"
"22",2,"BRB",553622.159823528,76,"pasture"
"23",2,"BWA",95441499.3818823,14,"pasture"
"24",2,"CHL",367059.402529411,12,"pasture"
"25",2,"CHN",898993567.347176,60,"pasture"
"26",2,"COL",15103957.203,51,"pasture"
"27",2,"CUB",1430701.47352941,74,"pasture"
"28",2,"CUW",608237.241176471,68,"pasture"
"29",2,"DJI",3434295.78211765,17,"pasture"
"30",2,"DMA",12686.154,39,"pasture"
"31",2,"DZA",114814000.057941,14,"pasture"
"32",2,"ECU",915595.067294117,60,"pasture"
"33",2,"EGY",4540898.50023529,13,"pasture"
"34",2,"ERI",11308316.5944706,17,"pasture"
"35",2,"ESH",NA,NA,"pasture"
"36",2,"ETH",48321112.3362353,40,"pasture"
"37",2,"FRA",202891.520117647,53,"pasture"
"38",2,"GEO",2858761.7447647,60,"pasture"
"39",2,"GRD",3038.32623529412,28,"pasture"
"40",2,"GTM",1737.65047058824,89,"pasture"
"41",2,"IND",6649354.44847059,80,"pasture"
"42",2,"IRN",518862278.682882,48,"pasture"
"43",2,"IRQ",28012772.0779412,39,"pasture"
"44",2,"ISR",777056.055176471,26,"pasture"
"45",2,"JOR",1719385.13064706,19,"pasture"
"46",2,"KAZ",3856064971.20529,41,"pasture"
"47",2,"KGZ",2514.69529411765,45,"pasture"
"48",2,"KNA",3743.83764705882,24,"pasture"
"49",2,"KWT",1967887.67223529,26,"pasture"
"50",2,"LBY",147782844.301235,24,"pasture"
"51",2,"LCA",1245.633,30,"pasture"
"52",2,"LKA",673985.434764706,67,"pasture"
"53",2,"MAF",40198.8741176471,57,"pasture"
"54",2,"MAR",22824780.2729117,20.5,"pasture"
"55",2,"MDG",101136056.583176,48,"pasture"
"56",2,"MEX",275269445.19847,16,"pasture"
"57",2,"MLI",NA,NA,"pasture"
"58",2,"MNG",667438093.594059,34,"pasture"
"59",2,"MRT",NA,NA,"pasture"
"60",2,"MSR",5850.87123529412,22.5,"pasture"
"61",2,"NAM",327178377.222176,23,"pasture"
"62",2,"NER",6094153.50141176,14,"pasture"
"63",2,"NLD",195010.535294117,56,"pasture"
"64",2,"OMN",4543974.14841176,16,"pasture"
"65",2,"PAK",44644825.3900588,82,"pasture"
"66",2,"PER",15407039.0052353,22,"pasture"
"67",2,"PSE",115720.447941176,38,"pasture"
"68",2,"QAT",NA,NA,"pasture"
"69",2,"RUS",187669849.027059,41,"pasture"
"70",2,"SAU",19200728.431147,14.5,"pasture"
"71",2,"SDN",19448829.1821176,14,"pasture"
"72",2,"SOL",61614110.1254117,53,"pasture"
"73",2,"SOM",37488196.5007059,20,"pasture"
"74",2,"SXM",51676.6505294119,60,"pasture"
"75",2,"SYR",43536658.2670588,40,"pasture"
"76",2,"TCD",24555165.3397059,15,"pasture"
"77",2,"TJK",4559798.62641175,45,"pasture"
"78",2,"TKM",581262518.578765,42,"pasture"
"79",2,"TUN",18486332.0867647,40,"pasture"
"80",2,"USA",2474271122.61512,43,"pasture"
"81",2,"UZB",380173138.680529,42,"pasture"
"82",2,"VCT",1211.73705882353,21,"pasture"
"83",2,"VEN",20297876.2831765,52,"pasture"
"84",2,"VGB",40457.1197647059,52,"pasture"
"85",2,"VIR",104282.207117647,53,"pasture"
"86",2,"YEM",283536493.597411,41,"pasture"
"87",2,"ZAF",780410516.181881,36,"pasture"
"88",2,"ZWE",497723.698941175,15,"pasture"
"89",3,"",1209701.41252941,57,"pasture"
"90",3,"AGO",11559458.3892353,34,"pasture"
"91",3,"ARG",31625189.4171176,35,"pasture"
"92",3,"BOL",744477.153882353,35,"pasture"
"93",3,"BRA",63965461.6492941,40,"pasture"
"94",3,"BWA",24560065.0639412,35,"pasture"
"95",3,"CHN",21093210.7302353,36,"pasture"
"96",3,"CMR",3532344.28164706,56,"pasture"
"97",3,"COD",38719.4121176471,44,"pasture"
"98",3,"CUB",225355.328470588,33,"pasture"
"99",3,"DOM",27249.426,12,"pasture"
"100",3,"DZA",831740.363117647,38,"pasture"
"101",3,"ECU",46837.5245294118,39,"pasture"
"102",3,"EGY",778731.39352941,49,"pasture"
"103",3,"ETH",68929.3514117647,40,"pasture"
"104",3,"IND",3392817.51247059,95,"pasture"
"105",3,"IRN",5052122.0807647,42,"pasture"
"106",3,"IRQ",401294.474117648,45,"pasture"
"107",3,"KEN",47123.5081764709,17,"pasture"
"108",3,"LBY",72325.0589999999,22,"pasture"
"109",3,"MLI",18236129.1144706,20,"pasture"
"110",3,"MOZ",542899.810058824,58,"pasture"
"111",3,"MRT",NA,NA,"pasture"
"112",3,"MWI",52319.1322941176,59,"pasture"
"113",3,"NAM",7402926.16747056,39,"pasture"
"114",3,"NER",1343346.70235294,18,"pasture"
"115",3,"NGA",1279267.72005882,16,"pasture"
"116",3,"PAK",NA,NA,"pasture"
"117",3,"PRY",39751.4929411765,40,"pasture"
"118",3,"RUS",2257602.71347059,41,"pasture"
"119",3,"SDN",177865.442470588,47,"pasture"
"120",3,"SSD",68563557.2161765,31,"pasture"
"121",3,"TCD",6881007.7337647,55,"pasture"
"122",3,"TUN",4696616.73599999,34,"pasture"
"123",3,"TZA",11976061.7428235,39,"pasture"
"124",3,"USA",793464.090176471,50,"pasture"
"125",3,"VEN",128119.080705882,24,"pasture"
"126",3,"ZMB",16833064.6688824,50,"pasture"
"127",4,"",10021805.9516471,35,"pasture"
"128",4,"ABW",369639.684352941,65,"pasture"
"129",4,"AGO",39765.8054117647,49,"pasture"
"130",4,"ARE",4988.14958823529,19,"pasture"
"131",4,"BGD",582517.899176471,44,"pasture"
"132",4,"BHR",NA,NA,"pasture"
"133",4,"BHS",7976932.6355294,46,"pasture"
"134",4,"BLM",27938.4615882353,85,"pasture"
"135",4,"BLZ",154894.114941176,22,"pasture"
"136",4,"BRA",798836.679529412,28,"pasture"
"137",4,"BRN",88.9951764705882,19,"pasture"
"138",4,"CIV",5784.83647058823,55,"pasture"
"139",4,"CMR",184.936235294118,92,"pasture"
"140",4,"COD",13917.8698235294,36,"pasture"
"141",4,"COL",495114.508058823,22,"pasture"
"142",4,"CRI",30236.4532941176,21,"pasture"
"143",4,"CUB",1694186.36258823,36,"pasture"
"144",4,"CUW",318371.314588237,59,"pasture"
"145",4,"CYM",38069.4292941177,24,"pasture"
"146",4,"DJI",44067.9425294117,11,"pasture"
"147",4,"DOM",66432.7565294118,33,"pasture"
"148",4,"ECU",260930.656764706,23,"pasture"
"149",4,"FRA",60315.1425882353,17,"pasture"
"150",4,"GAB",121216.758176471,75,"pasture"
"151",4,"GHA",246696.340941176,42,"pasture"
"152",4,"GIN",1952.66876470588,64,"pasture"
"153",4,"GMB",150637.040470588,62,"pasture"
"154",4,"GNB",39085.7530588235,60,"pasture"
"155",4,"GNQ",85.1066470588235,110,"pasture"
"156",4,"GTM",6259.26635294118,16,"pasture"
"157",4,"GUY",21681.0838235294,28,"pasture"
"158",4,"HND",130179.372,24,"pasture"
"159",4,"HTI",213462.213,79,"pasture"
"160",4,"IDN",748429.709823529,45,"pasture"
"161",4,"IND",1056317.67705882,34,"pasture"
"162",4,"JAM",27238.3780588235,30,"pasture"
"163",4,"KEN",19756.4906470588,41,"pasture"
"164",4,"KHM",16688.3968235294,80,"pasture"
"165",4,"KNA",51011.6089411765,38,"pasture"
"166",4,"LBR",194.4,80,"pasture"
"167",4,"MDG",1715196.95982353,51,"pasture"
"168",4,"MEX",4590003.2717647,32,"pasture"
"169",4,"MMR",1427986.40329412,82,"pasture"
"170",4,"MOZ",11893.0233529412,45,"pasture"
"171",4,"MYS",59561.978117647,25,"pasture"
"172",4,"NGA",92127.1844117647,75,"pasture"
"173",4,"NIC",316315.672058824,29,"pasture"
"174",4,"NLD",225166.414941175,55,"pasture"
"175",4,"OMN",NA,NA,"pasture"
"176",4,"PAK",1601339.79441176,71,"pasture"
"177",4,"PAN",45446.6359411765,22,"pasture"
"178",4,"PER",108575.526529411,28,"pasture"
"179",4,"PNG",10009.0411764706,21,"pasture"
"180",4,"PRI",60431.4901764706,40,"pasture"
"181",4,"QAT",NA,NA,"pasture"
"182",4,"SAU",10309.361117647,15,"pasture"
"183",4,"SEN",361083.313411765,59,"pasture"
"184",4,"SLE",4625.86535294118,74,"pasture"
"185",4,"SLV",20232.9825882353,32,"pasture"
"186",4,"SOL",452122.426588235,22,"pasture"
"187",4,"SOM",207159.420529411,24,"pasture"
"188",4,"SUR",91887.2218235294,22,"pasture"
"189",4,"TCA",164358.898235294,52,"pasture"
"190",4,"THA",1408631.27558824,72,"pasture"
"191",4,"TTO",4496.49952941176,37,"pasture"
"192",4,"TZA",20477.0528823529,53,"pasture"
"193",4,"USA",159870.325235294,26,"pasture"
"194",4,"VCT",12207.5186470588,47,"pasture"
"195",4,"VEN",2120126.358,34,"pasture"
"196",4,"VIR",961.689,65,"pasture"
"197",4,"VNM",756112.08582353,59,"pasture"
"198",4,"YEM",NA,NA,"pasture"
"199",4,"ZAF",49305.6721764706,41,"pasture"
"200",5,"",23478527.0107059,58,"pasture"
"201",5,"ALB",528865.207941177,52,"pasture"
"202",5,"AUS",239228532.438882,20,"pasture"
"203",5,"BIH",241373.356058824,38,"pasture"
"204",5,"CHL",154259348.652176,72,"pasture"
"205",5,"CYN",897407.126117648,96,"pasture"
"206",5,"CYP",433152.927,80,"pasture"
"207",5,"DZA",433087441.749176,98,"pasture"
"208",5,"EGY",537640.563882353,58,"pasture"
"209",5,"ESP",18946647.2117647,63,"pasture"
"210",5,"FRA",3650695.21517647,51,"pasture"
"211",5,"GRC",15234349.2421765,70,"pasture"
"212",5,"HRV",4556174.25088235,40,"pasture"
"213",5,"ISR",537128.389941177,66,"pasture"
"214",5,"ITA",2516158.04770588,41,"pasture"
"215",5,"JOR",241281.689470588,82,"pasture"
"216",5,"LBN",767018.586352942,76,"pasture"
"217",5,"LBY",35510787.672,71,"pasture"
"218",5,"MAR",609021453.376235,107,"pasture"
"219",5,"MCO",380.847970588235,48.5,"pasture"
"220",5,"MEX",5577214.36041176,23,"pasture"
"221",5,"MKD",380549.609647059,57,"pasture"
"222",5,"MLT",93569.3452941177,37,"pasture"
"223",5,"MNE",283072.839705882,52,"pasture"
"224",5,"PRT",620399.957470588,51,"pasture"
"225",5,"PSE",166907.999294118,78,"pasture"
"226",5,"SVN",5568.84511764706,36,"pasture"
"227",5,"SYR",13804041.7134706,81,"pasture"
"228",5,"TUN",38003856.282,110,"pasture"
"229",5,"TUR",27856814.6341765,80,"pasture"
"230",5,"USA",41762246.3064706,31,"pasture"
"231",5,"ZAF",146732261.635411,50,"pasture"
"232",6,"AFG",61903233.2382352,19,"pasture"
"233",6,"AGO",1035280.05652941,42,"pasture"
"234",6,"ARG",23313569.2095882,60,"pasture"
"235",6,"AUS",20435.1102352941,129,"pasture"
"236",6,"BOL",42539613.2608235,31,"pasture"
"237",6,"BTN",2498911.35864706,33,"pasture"
"238",6,"CHL",5528396.32923529,40,"pasture"
"239",6,"CHN",1525430399.06012,27,"pasture"
"240",6,"COL",1254648.18970588,23,"pasture"
"241",6,"ECU",1609597.34488235,23,"pasture"
"242",6,"ERI",12901543.7733529,18,"pasture"
"243",6,"ETH",694719.808588236,28,"pasture"
"244",6,"IDN",47170.0231764706,22,"pasture"
"245",6,"IND",6016056.30052941,25,"pasture"
"246",6,"IRN",229076542.394823,95,"pasture"
"247",6,"KAZ",21078058.934647,19,"pasture"
"248",6,"KEN",25018.9695882353,37,"pasture"
"249",6,"KGZ",33855727.0925294,18,"pasture"
"250",6,"LSO",8222648.94335294,35,"pasture"
"251",6,"MAR",22439494.874647,101,"pasture"
"252",6,"MDG",317340.668647059,54,"pasture"
"253",6,"MNG",237465498.402,52,"pasture"
"254",6,"MOZ",15922.1685882353,60,"pasture"
"255",6,"MWI",43063.1569411765,55,"pasture"
"256",6,"NGA",858607.464352941,72,"pasture"
"257",6,"NPL",564813.849352941,35,"pasture"
"258",6,"NZL",15121975.2079412,18,"pasture"
"259",6,"PAK",4709562.92523529,65,"pasture"
"260",6,"PER",99016616.7702353,29,"pasture"
"261",6,"RUS",22089023.4787059,31,"pasture"
"262",6,"SDN",1669916.73388235,28,"pasture"
"263",6,"SWZ",1480954.18252941,61,"pasture"
"264",6,"TJK",684649.600235293,21,"pasture"
"265",6,"TKM",129467257.906765,93,"pasture"
"266",6,"TZA",791645.503411765,60,"pasture"
"267",6,"UGA",77.895,85,"pasture"
"268",6,"UZB",454821.320470588,15,"pasture"
"269",6,"VEN",1718320.50652941,36,"pasture"
"270",6,"ZAF",198177193.068353,48,"pasture"
"271",6,"ZMB",12946.2652941176,52,"pasture"
"272",6,"ZWE",915542.022705882,62,"pasture"
"273",7,"",22087908.1004118,29,"pasture"
"274",7,"ALA",45657.1801764706,40,"pasture"
"275",7,"AND",179303.643176471,24,"pasture"
"276",7,"ARG",23763735.7990588,59,"pasture"
"277",7,"ARM",1099077.35082353,25,"pasture"
"278",7,"AUS",145880380.484294,88,"pasture"
"279",7,"AUT",102765.062823529,41,"pasture"
"280",7,"AZE",6714676.44988235,43,"pasture"
"281",7,"BEL",679507.858941177,62,"pasture"
"282",7,"BGR",878308.453411765,27,"pasture"
"283",7,"BIH",197465.265176471,47,"pasture"
"284",7,"BLR",44555.9156470588,28,"pasture"
"285",7,"BTN",143136.804,90,"pasture"
"286",7,"CAN",2025075.73729412,18,"pasture"
"287",7,"CHE",173396.145882353,45,"pasture"
"288",7,"CHL",24332664.4434706,28,"pasture"
"289",7,"CHN",674967291.884294,62,"pasture"
"290",7,"CZE",17153.4051176471,53,"pasture"
"291",7,"DEU",1887256.15394118,38,"pasture"
"292",7,"DNK",1002792.79394118,37,"pasture"
"293",7,"ESP",3879768.57652941,61,"pasture"
"294",7,"EST",317091.174176471,32,"pasture"
"295",7,"FIN",157917.855176471,33,"pasture"
"296",7,"FRA",5820915.65858824,46,"pasture"
"297",7,"GBR",29629272.3802941,22,"pasture"
"298",7,"GEO",6693737.4677647,20,"pasture"
"299",7,"GGY",54121.534764706,57,"pasture"
"300",7,"GRC",58972.8626470588,55,"pasture"
"301",7,"HRV",2442779.96311765,48,"pasture"
"302",7,"HUN",79563.375,41,"pasture"
"303",7,"IMN",110297.787352941,29,"pasture"
"304",7,"IND",3201784.04170588,28,"pasture"
"305",7,"IRL",6001298.69205882,22,"pasture"
"306",7,"IRN",758059068.38947,85,"pasture"
"307",7,"IRQ",1543949.19652941,58,"pasture"
"308",7,"ITA",380862.088941176,35,"pasture"
"309",7,"JEY",77875.9415294118,51,"pasture"
"310",7,"JPN",11728279.5285882,65,"pasture"
"311",7,"KOR",3395671.72905883,66,"pasture"
"312",7,"KOS",50258.3207647059,47,"pasture"
"313",7,"LTU",116518.389,31,"pasture"
"314",7,"LVA",225316.166823529,30,"pasture"
"315",7,"MKD",814387.350705882,54,"pasture"
"316",7,"MMR",15098.301,22,"pasture"
"317",7,"MNE",122087.295,67,"pasture"
"318",7,"NLD",4324102.05511765,51,"pasture"
"319",7,"NOR",70647.7879411765,33,"pasture"
"320",7,"NPL",620979.636529412,47,"pasture"
"321",7,"NZL",7541394.78194117,19,"pasture"
"322",7,"POL",368516.873470588,34,"pasture"
"323",7,"PRK",2009968.61470588,62,"pasture"
"324",7,"PRT",153364.681235294,66,"pasture"
"325",7,"ROU",2719027.43505882,35,"pasture"
"326",7,"RUS",30281234.7605294,26,"pasture"
"327",7,"SRB",457580.207823529,38,"pasture"
"328",7,"SVK",42049.4668235294,41,"pasture"
"329",7,"SVN",153556.305352941,34,"pasture"
"330",7,"SWE",2152847.98852941,38,"pasture"
"331",7,"TUR",81248351.5147059,65,"pasture"
"332",7,"UKR",231997.447235294,33,"pasture"
"333",7,"USA",19278831.9848824,20,"pasture"
"334",8,"",4921551.72741177,32,"pasture"
"335",8,"AFG",30573485.9011764,77,"pasture"
"336",8,"AUT",4967715.9402353,20,"pasture"
"337",8,"BTN",84665.5851176471,30,"pasture"
"338",8,"CAN",6244071.23452941,35,"pasture"
"339",8,"CHE",2882583.84705882,17,"pasture"
"340",8,"CHN",241760319.729529,37,"pasture"
"341",8,"CZE",4305.78458823529,53,"pasture"
"342",8,"DEU",82350.0388235294,29,"pasture"
"343",8,"DZA",7484234.208,81,"pasture"
"344",8,"FRA",612899.157882353,17,"pasture"
"345",8,"GBR",1782382.13435294,20,"pasture"
"346",8,"IND",867110.368058823,27,"pasture"
"347",8,"IRN",175909905.537353,90,"pasture"
"348",8,"ITA",854140.978764706,23,"pasture"
"349",8,"JPN",450655.773705882,57,"pasture"
"350",8,"KAZ",4201621.48817646,54,"pasture"
"351",8,"KGZ",3767687.61617647,19,"pasture"
"352",8,"MAR",24264937.211647,104,"pasture"
"353",8,"MMR",16.425,29,"pasture"
"354",8,"MNG",310736907.880764,55,"pasture"
"355",8,"NOR",3290416.12870588,36,"pasture"
"356",8,"NPL",132846.723176471,30,"pasture"
"357",8,"PAK",1565164.51270588,140,"pasture"
"358",8,"POL",9770.68852941177,51,"pasture"
"359",8,"ROU",3511218.09494118,41,"pasture"
"360",8,"RUS",6415458.07341176,30,"pasture"
"361",8,"SVK",134787.654882353,52,"pasture"
"362",8,"SVN",28381.1978823529,33,"pasture"
"363",8,"TUN",90888.9384705882,103,"pasture"
"364",8,"TUR",28443976.2326471,78,"pasture"
"365",8,"UKR",73388.3294117647,37,"pasture"
"366",8,"USA",303099453.397235,48,"pasture"
"367",9,"",12411522.4012941,26,"pasture"
"368",9,"AFG",2984534.20552941,19,"pasture"
"369",9,"ARE",36283.6297058824,13,"pasture"
"370",9,"ARG",1233025218.69935,28,"pasture"
"371",9,"ARM",5867612.31811765,64,"pasture"
"372",9,"AUS",992451196.423059,47,"pasture"
"373",9,"AZE",10047054.4339412,89,"pasture"
"374",9,"CAN",76193405.9527059,18,"pasture"
"375",9,"CHL",14579508.7867059,24,"pasture"
"376",9,"CHN",1488543266.31582,54,"pasture"
"377",9,"FLK",10363134.9321176,14,"pasture"
"378",9,"GEO",760740.333352941,47,"pasture"
"379",9,"IRN",42357751.0048235,37,"pasture"
"380",9,"IRQ",13477492.7814706,90,"pasture"
"381",9,"KAZ",1691633267.62782,56,"pasture"
"382",9,"KGZ",225353314.954941,81,"pasture"
"383",9,"MNG",1984728109.26706,63,"pasture"
"384",9,"NZL",15575138.9497059,15,"pasture"
"385",9,"OMN",416613.989294118,20,"pasture"
"386",9,"ROU",95457.7341176471,45,"pasture"
"387",9,"RUS",173358163.057765,41,"pasture"
"388",9,"SYR",45023337.3681176,38,"pasture"
"389",9,"TJK",83354190.9049411,90,"pasture"
"390",9,"TKM",15591479.8207059,87,"pasture"
"391",9,"TUR",22756944.6303529,40,"pasture"
"392",9,"UKR",1460323.90305882,38,"pasture"
"393",9,"URY",39918.6967058823,24,"pasture"
"394",9,"USA",1459479101.09382,30,"pasture"
"395",9,"UZB",273718580.749588,90,"pasture"
"396",10,"",1533625.84076471,51,"pasture"
"397",10,"BHS",7150025.55617646,49,"pasture"
"398",10,"BMU",7564.78764705882,14,"pasture"
"399",10,"CUB",519887.311235294,43,"pasture"
"400",10,"DOM",264617.239058824,82,"pasture"
"401",10,"GTM",84475.7207647059,89,"pasture"
"402",10,"HND",24427.1864117647,90,"pasture"
"403",10,"HTI",15631.1246470588,84,"pasture"
"404",10,"IDN",34.2778235294118,142,"pasture"
"405",10,"IND",6860527.58029411,136,"pasture"
"406",10,"MEX",60741801.4660587,24,"pasture"
"407",10,"MMR",9149.39241176471,127,"pasture"
"408",10,"NIC",590126.373529412,84,"pasture"
"409",10,"NPL",184797.491647059,113,"pasture"
"410",10,"PAK",324509.439176471,139,"pasture"
"411",10,"SLV",517208.429294118,86,"pasture"
"412",10,"TCA",156740.680411765,53,"pasture"
"413",10,"USA",4015701.74399998,25,"pasture"
"414",11,"",8051294.69029412,57,"pasture"
"415",11,"AGO",24074.8897058824,43,"pasture"
"416",11,"AIA",5198.15276470588,59,"pasture"
"417",11,"ATG",15803.8798235294,63,"pasture"
"418",11,"BOL",22179716.493,41,"pasture"
"419",11,"BRA",139125490.340647,49,"pasture"
"420",11,"COL",53464305.5403529,61,"pasture"
"421",11,"CPV",NA,NA,"pasture"
"422",11,"CRI",912034.769470588,79,"pasture"
"423",11,"CUB",3169824.60494118,44,"pasture"
"424",11,"CYM",19067.5845882353,26,"pasture"
"425",11,"DOM",1076518.39411765,73,"pasture"
"426",11,"ECU",991327.302529412,57,"pasture"
"427",11,"FRA",13124.6017058824,28,"pasture"
"428",11,"FSM",41883.5382352941,73,"pasture"
"429",11,"GRD",5418.87988235294,24,"pasture"
"430",11,"GTM",35191.0076470588,89,"pasture"
"431",11,"HND",32435.4670588235,58,"pasture"
"432",11,"HTI",435280.832117647,72,"pasture"
"433",11,"IDN",14527186.1897647,102,"pasture"
"434",11,"IND",9762037.58082353,130,"pasture"
"435",11,"JAM",153183.838588235,59,"pasture"
"436",11,"KHM",1109918.568,114,"pasture"
"437",11,"LCA",36983.8184117647,35,"pasture"
"438",11,"LKA",880085.206411765,68,"pasture"
"439",11,"MDG",78579753.2419412,56,"pasture"
"440",11,"MEX",98539370.4287645,62,"pasture"
"441",11,"MMR",130911.57,99,"pasture"
"442",11,"MSR",7692.45105882353,16,"pasture"
"443",11,"NCL",4734897.27,99,"pasture"
"444",11,"NIC",2197789.49152941,61,"pasture"
"445",11,"NLD",30326.4425294118,84,"pasture"
"446",11,"PAN",17849.9214705882,49,"pasture"
"447",11,"PER",469069.975764705,35,"pasture"
"448",11,"PRI",59063.3615294118,45,"pasture"
"449",11,"SLV",197707.932352941,59,"pasture"
"450",11,"THA",564419.472529412,116,"pasture"
"451",11,"TLS",2210130.08982353,105,"pasture"
"452",11,"TTO",29471.3092941176,24,"pasture"
"453",11,"USA",13509797.8134706,79,"pasture"
"454",11,"VCT",722.635941176471,22,"pasture"
"455",11,"VEN",43076222.2625294,53,"pasture"
"456",11,"VNM",3583036.056,90,"pasture"
"457",11,"ZMB",1041251.57117647,51,"pasture"
"458",12,"",20707969.1902941,66,"pasture"
"459",12,"AGO",99289174.3928823,40,"pasture"
"460",12,"ARG",110050880.180471,40,"pasture"
"461",12,"AUS",2929281229.19823,62,"pasture"
"462",12,"BDI",74988.2906470588,54,"pasture"
"463",12,"BEN",245853.368117647,46,"pasture"
"464",12,"BFA",18407625.0967059,38,"pasture"
"465",12,"BLZ",8288.06488235294,21,"pasture"
"466",12,"BOL",110864216.290412,35,"pasture"
"467",12,"BRA",586949826.406588,55,"pasture"
"468",12,"BWA",105087124.796471,27,"pasture"
"469",12,"CAF",6978401.42911765,61,"pasture"
"470",12,"CIV",9304438.60958823,55,"pasture"
"471",12,"CMR",5989636.24111765,64,"pasture"
"472",12,"COD",822450.479823529,41,"pasture"
"473",12,"COG",568958.821058823,39,"pasture"
"474",12,"COL",124680022.385118,49,"pasture"
"475",12,"DZA",NA,NA,"pasture"
"476",12,"ERI",38708507.5676471,18,"pasture"
"477",12,"ETH",193513283.094529,48,"pasture"
"478",12,"GAB",1169820.68470588,34,"pasture"
"479",12,"GHA",15879464.7052941,39,"pasture"
"480",12,"GIN",5455914.65682353,74,"pasture"
"481",12,"GMB",4210846.8467647,54,"pasture"
"482",12,"GNB",1293575.11835294,67,"pasture"
"483",12,"GUY",13450237.496647,51,"pasture"
"484",12,"HND",127146.549176471,26,"pasture"
"485",12,"IDN",53192.3228823529,59,"pasture"
"486",12,"IND",4119.306,43,"pasture"
"487",12,"KEN",365209438.043117,37,"pasture"
"488",12,"LSO",8598974.78505883,21,"pasture"
"489",12,"MEX",964644.930882352,12,"pasture"
"490",12,"MLI",554386155.472765,57,"pasture"
"491",12,"MOZ",49053350.5240588,52,"pasture"
"492",12,"MRT",93907136.2295294,19,"pasture"
"493",12,"MWI",964184.361705882,64,"pasture"
"494",12,"NAM",114790783.900588,24,"pasture"
"495",12,"NER",317260090.329882,36,"pasture"
"496",12,"NGA",103704704.383941,54,"pasture"
"497",12,"NIC",4118663.376,36,"pasture"
"498",12,"NPL",28565.6175,17.5,"pasture"
"499",12,"OMN",170800.975235294,16,"pasture"
"500",12,"PNG",23226.9363529412,47,"pasture"
"501",12,"PRY",103464195.349059,45,"pasture"
"502",12,"RWA",554000.734411765,50,"pasture"
"503",12,"SDN",1305541215.85535,44,"pasture"
"504",12,"SEN",62454448.2642353,68,"pasture"
"505",12,"SLE",8914.39288235294,76,"pasture"
"506",12,"SOL",60075795.0878823,16,"pasture"
"507",12,"SOM",162985452.890294,16,"pasture"
"508",12,"SSD",145089713.757176,41,"pasture"
"509",12,"SWZ",713021.927823529,40,"pasture"
"510",12,"TCD",686161562.736,43,"pasture"
"511",12,"TGO",563580.747882353,46,"pasture"
"512",12,"TZA",122190620.116412,53,"pasture"
"513",12,"UGA",6506739.20841177,31,"pasture"
"514",12,"URY",90260289.3305294,38,"pasture"
"515",12,"USA",16486011.842647,19,"pasture"
"516",12,"VEN",69781780.9058824,49,"pasture"
"517",12,"YEM",19270281.3534706,20,"pasture"
"518",12,"ZAF",157715846.991706,43,"pasture"
"519",12,"ZMB",37632972.1078235,55,"pasture"
"520",12,"ZWE",116128356.870882,43,"pasture"
"521",13,"",20979129.7261765,49,"pasture"
"522",13,"ARG",2779939.73205882,64,"pasture"
"523",13,"ATG",4823.47129411765,62,"pasture"
"524",13,"AUS",4402975.66923529,80,"pasture"
"525",13,"BDI",304940.090823529,61,"pasture"
"526",13,"BGD",7002803.12788235,110,"pasture"
"527",13,"BLZ",27909.1478823529,23,"pasture"
"528",13,"BOL",31304796.3252352,38,"pasture"
"529",13,"BRA",381365367.067588,61,"pasture"
"530",13,"BRN",122180.375823529,59,"pasture"
"531",13,"BTN",53998.6955294118,88,"pasture"
"532",13,"CAF",2971.84870588235,38,"pasture"
"533",13,"CHN",305634049.074882,69,"pasture"
"534",13,"CIV",327668.578588235,53,"pasture"
"535",13,"CMR",4534.57129411765,79,"pasture"
"536",13,"COD",122285.502882353,47,"pasture"
"537",13,"COG",33302.9521764706,36,"pasture"
"538",13,"COL",92457403.5112941,60,"pasture"
"539",13,"COM",9291.44823529412,74,"pasture"
"540",13,"CRI",1536509.88829412,72,"pasture"
"541",13,"CUB",2211978.46182353,60,"pasture"
"542",13,"DMA",2497.70364705882,41,"pasture"
"543",13,"DOM",2316373.76241176,80,"pasture"
"544",13,"ECU",5923915.34064706,77,"pasture"
"545",13,"ETH",2810.54382352941,50,"pasture"
"546",13,"FRA",381418.568647059,59,"pasture"
"547",13,"GAB",208141.312235294,55,"pasture"
"548",13,"GHA",75659.3373529412,52,"pasture"
"549",13,"GIN",610624.700470588,71,"pasture"
"550",13,"GNQ",5752.68423529412,54,"pasture"
"551",13,"GRD",5784.29117647059,26,"pasture"
"552",13,"GTM",364445.511352941,57,"pasture"
"553",13,"GUY",479765.557588236,24,"pasture"
"554",13,"HKG",902945.135117647,107,"pasture"
"555",13,"HND",114271.310647059,29,"pasture"
"556",13,"HTI",375535.264941176,77,"pasture"
"557",13,"IDN",7948049.05976471,61,"pasture"
"558",13,"IND",12051181.1837647,107,"pasture"
"559",13,"JAM",79459.1982352941,66,"pasture"
"560",13,"JPN",697275.522,38,"pasture"
"561",13,"KEN",4165474.75341177,43,"pasture"
"562",13,"KHM",575289.065117647,55,"pasture"
"563",13,"KNA",2647.04435294118,90,"pasture"
"564",13,"LAO",440636.456470588,107,"pasture"
"565",13,"LBR",3174.89452941176,73,"pasture"
"566",13,"LCA",12806.2263529412,44,"pasture"
"567",13,"LKA",105602.023058824,79,"pasture"
"568",13,"MAC",38125.2040588235,94,"pasture"
"569",13,"MDG",142932187.913824,54,"pasture"
"570",13,"MDV",NA,NA,"pasture"
"571",13,"MEX",8645497.62494118,39,"pasture"
"572",13,"MMR",2492165.15788235,99,"pasture"
"573",13,"MOZ",11847600.5498824,50,"pasture"
"574",13,"MSR",15140.3209411765,31,"pasture"
"575",13,"MUS",168110.112882353,66,"pasture"
"576",13,"MYS",1650336.13305882,60,"pasture"
"577",13,"NCL",6380531.68517647,115,"pasture"
"578",13,"NGA",40503.3319411765,66,"pasture"
"579",13,"NIC",1041733.60411765,66,"pasture"
"580",13,"NPL",123828.537441177,50.5,"pasture"
"581",13,"PAN",283104.552352941,63,"pasture"
"582",13,"PER",16808951.8335882,32,"pasture"
"583",13,"PHL",8829727.11335294,72,"pasture"
"584",13,"PLW",78409.3635882353,99,"pasture"
"585",13,"PNG",2291513.24823529,74,"pasture"
"586",13,"PRI",199969.249411765,47,"pasture"
"587",13,"PRY",13729313.4880588,48,"pasture"
"588",13,"RWA",146862.818823529,58,"pasture"
"589",13,"SGP",168754.421117647,69,"pasture"
"590",13,"SLB",329535.628058824,68,"pasture"
"591",13,"SLE",9057.64852941176,68,"pasture"
"592",13,"SLV",30972.5668235294,94,"pasture"
"593",13,"SOM",25693069.4020588,19,"pasture"
"594",13,"SSD",886672.657411764,34,"pasture"
"595",13,"STP",39.15,92,"pasture"
"596",13,"SUR",145579.475823529,29,"pasture"
"597",13,"SWZ",143997.560470588,30,"pasture"
"598",13,"THA",2704393.85735294,124,"pasture"
"599",13,"TTO",350430.943411765,46,"pasture"
"600",13,"TWN",1404133.46241177,90,"pasture"
"601",13,"TZA",2835443.89076471,49,"pasture"
"602",13,"UGA",303693.520941177,50,"pasture"
"603",13,"URY",NA,NA,"pasture"
"604",13,"USA",2146509.69547059,84,"pasture"
"605",13,"VCT",5634.55711764706,33,"pasture"
"606",13,"VEN",18173158.4428235,61,"pasture"
"607",13,"VGB",3905.91441176471,82,"pasture"
"608",13,"VIR",63466.2739411765,82,"pasture"
"609",13,"VNM",3365634.36282353,95,"pasture"
"610",13,"VUT",39774.5422941176,21,"pasture"
"611",13,"ZAF",811470.595588235,36,"pasture"
"612",13,"ZWE",3.285,76,"pasture"
"613",14,"",75286356.4747058,20,"pasture"
"614",14,"CAN",108384723.765529,14,"pasture"
"615",14,"FIN",21913.0750588236,23,"pasture"
"616",14,"NOR",12073356.0123529,24,"pasture"
"617",14,"RUS",78558169.4512941,29,"pasture"
"618",14,"SWE",649274.515411765,25,"pasture"
"619",14,"USA",24960892.6117059,17,"pasture"
"620",NA,"ABW",NA,NA,"crop"
"621",NA,"AFG",414347322.368823,80,"crop"
"622",NA,"AGO",42159301.8758823,37,"crop"
"623",NA,"ALA",179889.091058824,25,"crop"
"624",NA,"ALB",15373215.8444118,36,"crop"
"625",NA,"AND",21907.4287058824,32,"crop"
"626",NA,"ARE",1715736.20329412,13,"crop"
"627",NA,"ARG",872354424.048,24,"crop"
"628",NA,"ARM",28804767.2594117,30,"crop"
"629",NA,"ATG",176582.995941176,54,"crop"
"630",NA,"AUS",1517070051.17859,38,"crop"
"631",NA,"AUT",39043961.1693529,23,"crop"
"632",NA,"AZE",130255066.865118,43,"crop"
"633",NA,"BDI",1068245.89623529,58,"crop"
"634",NA,"BEL",21496349.8118824,19,"crop"
"635",NA,"BEN",25596814.3561765,45,"crop"
"636",NA,"BFA",105935210.016,37,"crop"
"637",NA,"BGD",506568123.832235,110,"crop"
"638",NA,"BGR",129371820.158294,34,"crop"
"639",NA,"BHR",NA,NA,"crop"
"640",NA,"BHS",165833.843647059,50,"crop"
"641",NA,"BIH",48412632.9008823,48,"crop"
"642",NA,"BLR",148079431.552941,18,"crop"
"643",NA,"BLZ",2964438.26947059,47,"crop"
"644",NA,"BOL",47091442.6060588,33,"crop"
"645",NA,"BRA",3391524195.17418,47,"crop"
"646",NA,"BRB",272977.803352941,35,"crop"
"647",NA,"BRN",543865.386352941,72,"crop"
"648",NA,"BTN",613683.651,26,"crop"
"649",NA,"BWA",22025794.7322353,25,"crop"
"650",NA,"CAF",1910570.36876471,65,"crop"
"651",NA,"CAN",496291842.536117,16,"crop"
"652",NA,"CHE",15128830.8982941,21,"crop"
"653",NA,"CHL",79464871.9092353,35,"crop"
"654",NA,"CHN",5890727245.62864,61,"crop"
"655",NA,"CIV",13313951.0188235,54,"crop"
"656",NA,"CMR",73966698.8135294,53,"crop"
"657",NA,"COD",3715566.52976471,42,"crop"
"658",NA,"COG",81530.5046470588,33,"crop"
"659",NA,"COL",109812984.559412,44,"crop"
"660",NA,"COM",147.825,73,"crop"
"661",NA,"CPV",NA,NA,"crop"
"662",NA,"CRI",17694618.9522353,55,"crop"
"663",NA,"CUB",82968948.6539999,38,"crop"
"664",NA,"CUW",5003.01476470588,60,"crop"
"665",NA,"CYN",6306198.70147058,42,"crop"
"666",NA,"CYP",14545735.739647,93,"crop"
"667",NA,"CZE",100862418.537353,31,"crop"
"668",NA,"DEU",357956907.215823,26,"crop"
"669",NA,"DJI",1729.01382352941,18,"crop"
"670",NA,"DMA",4586.03258823529,49,"crop"
"671",NA,"DNK",70941173.8824705,30,"crop"
"672",NA,"DOM",33021755.0654118,47,"crop"
"673",NA,"DZA",387116965.588235,78,"crop"
"674",NA,"ECU",27501483.7773529,41,"crop"
"675",NA,"EGY",166722928.459059,78,"crop"
"676",NA,"ERI",4212229.455,13,"crop"
"677",NA,"ESP",1256138977.41247,66,"crop"
"678",NA,"EST",32225856.8225294,27,"crop"
"679",NA,"ETH",155041602.339353,35,"crop"
"680",NA,"FIN",16300587.5968235,22,"crop"
"681",NA,"FRA",450174872.761411,22,"crop"
"682",NA,"GAB",906.84,63,"crop"
"683",NA,"GBR",180460269.868059,20,"crop"
"684",NA,"GEO",63830276.7052941,49,"crop"
"685",NA,"GGY",9332.40776470588,18,"crop"
"686",NA,"GHA",38533886.9571176,37,"crop"
"687",NA,"GIN",4989995.91052941,67,"crop"
"688",NA,"GMB",7198246.24605882,62,"crop"
"689",NA,"GNB",737536.850294118,59,"crop"
"690",NA,"GNQ",7.425,87,"crop"
"691",NA,"GRC",106026094.318059,40,"crop"
"692",NA,"GRD",3343.91761764706,24.5,"crop"
"693",NA,"GTM",57662854.772647,59,"crop"
"694",NA,"GUY",859462.769294118,19,"crop"
"695",NA,"HKG",552235.601117647,108,"crop"
"696",NA,"HND",56907002.5205294,75,"crop"
"697",NA,"HRV",61702138.1509411,43,"crop"
"698",NA,"HTI",31195838.645647,61,"crop"
"699",NA,"HUN",169212496.386176,34,"crop"
"700",NA,"IDN",309200895.481588,56,"crop"
"701",NA,"IMN",598984.563352941,28,"crop"
"702",NA,"IND",10261519094.2202,107,"crop"
"703",NA,"IRL",53484983.2447059,20,"crop"
"704",NA,"IRN",664663591.390411,33,"crop"
"705",NA,"IRQ",577469921.035235,77,"crop"
"706",NA,"ISR",16327701.0596471,38,"crop"
"707",NA,"ITA",454114855.515353,43,"crop"
"708",NA,"JAM",5154818.07458824,60,"crop"
"709",NA,"JEY",64706.3355882353,17,"crop"
"710",NA,"JOR",10477556.3555294,35,"crop"
"711",NA,"JPN",33804951.801,19,"crop"
"712",NA,"KAZ",2062976749.96835,43,"crop"
"713",NA,"KEN",87896199.3278823,52,"crop"
"714",NA,"KGZ",30455294.9357647,22,"crop"
"715",NA,"KHM",275924074.461176,93,"crop"
"716",NA,"KNA",29452.4212941176,21,"crop"
"717",NA,"KOR",23391737.3105294,29,"crop"
"718",NA,"KOS",207591.205764706,40,"crop"
"719",NA,"KWT",NA,NA,"crop"
"720",NA,"LAO",104021042.320588,110,"crop"
"721",NA,"LBN",4466089.48323529,34,"crop"
"722",NA,"LBR",1437.84,71,"crop"
"723",NA,"LBY",69955250.6013529,65,"crop"
"724",NA,"LCA",23236.6655294118,55,"crop"
"725",NA,"LIE",113187.145941176,47,"crop"
"726",NA,"LKA",44188013.0451176,75,"crop"
"727",NA,"LSO",7083182.31141176,20,"crop"
"728",NA,"LTU",82326175.7788235,25,"crop"
"729",NA,"LUX",1479265.85364706,17,"crop"
"730",NA,"LVA",49504599.2071765,23,"crop"
"731",NA,"MAC",18420.7254705882,97,"crop"
"732",NA,"MAR",389443308.137823,78,"crop"
"733",NA,"MCO",18755.8311176471,47,"crop"
"734",NA,"MDA",57173639.6632941,29,"crop"
"735",NA,"MDG",33121447.4666471,57,"crop"
"736",NA,"MEX",758568076.247117,48,"crop"
"737",NA,"MKD",26823034.1096471,48,"crop"
"738",NA,"MLI",251015372.362765,49,"crop"
"739",NA,"MLT",268779.316411764,27,"crop"
"740",NA,"MMR",616069345.846588,90,"crop"
"741",NA,"MNE",7497781.011,64,"crop"
"742",NA,"MNG",22471351.5864706,32,"crop"
"743",NA,"MOZ",34127047.6408235,53,"crop"
"744",NA,"MRT",664822.136294118,14,"crop"
"745",NA,"MSR",1130.98147058824,14,"crop"
"746",NA,"MWI",44689312.0639412,56,"crop"
"747",NA,"MYS",30471882.0245294,40,"crop"
"748",NA,"NAM",9956952.73111763,21,"crop"
"749",NA,"NER",57681244.0602353,15,"crop"
"750",NA,"NGA",563514227.735824,46,"crop"
"751",NA,"NIC",62319365.7197647,60,"crop"
"752",NA,"NLD",29146545.303,19,"crop"
"753",NA,"NPL",110109818.261294,98,"crop"
"754",NA,"NZL",76369915.991647,17,"crop"
"755",NA,"OMN",1228146.15052941,13,"crop"
"756",NA,"PAK",361993114.807588,30,"crop"
"757",NA,"PAN",33116772.1207059,64,"crop"
"758",NA,"PER",31991967.441,33,"crop"
"759",NA,"PHL",156884815.178824,74,"crop"
"760",NA,"PLW",263.475,99.5,"crop"
"761",NA,"PNG",5340668.92305882,84,"crop"
"762",NA,"POL",363139107.657706,25,"crop"
"763",NA,"PRI",6172963.95758823,60,"crop"
"764",NA,"PRK",78211300.6182353,40,"crop"
"765",NA,"PRT",172405611.622412,59,"crop"
"766",NA,"PRY",135754841.085,41,"crop"
"767",NA,"PSE",2990966.14129411,32,"crop"
"768",NA,"QAT",NA,NA,"crop"
"769",NA,"ROU",301990782.060706,33,"crop"
"770",NA,"RUS",3503336565.59876,29,"crop"
"771",NA,"RWA",2443670.37070588,58,"crop"
"772",NA,"SAU",20847749.4418235,13,"crop"
"773",NA,"SDN",222440245.501059,21,"crop"
"774",NA,"SEN",110853375.354882,59,"crop"
"775",NA,"SLB",51.795,19,"crop"
"776",NA,"SLE",9439.38,68,"crop"
"777",NA,"SLV",20334511.7449412,60,"crop"
"778",NA,"SMR",130653.168882352,36,"crop"
"779",NA,"SOL",14422720.0531765,21,"crop"
"780",NA,"SOM",11968715.1917647,16,"crop"
"781",NA,"SRB",109104248.747294,38,"crop"
"782",NA,"SSD",11812562.1921176,37,"crop"
"783",NA,"SUR",306221.643176471,32,"crop"
"784",NA,"SVK",55292588.5381765,33,"crop"
"785",NA,"SVN",20975299.4011765,53,"crop"
"786",NA,"SWE",62275415.9611765,29,"crop"
"787",NA,"SWZ",3013988.43811765,39,"crop"
"788",NA,"SYR",141934429.442647,35,"crop"
"789",NA,"TCD",85441273.9335882,45,"crop"
"790",NA,"TGO",12532153.0087059,40,"crop"
"791",NA,"THA",1106614886.39276,97,"crop"
"792",NA,"TJK",16078006.8238235,22,"crop"
"793",NA,"TKM",193341749.173941,81,"crop"
"794",NA,"TLS",4258272.51670588,81,"crop"
"795",NA,"TTO",93470.6311764706,24,"crop"
"796",NA,"TUN",245583407.645118,84,"crop"
"797",NA,"TUR",841662055.635529,39,"crop"
"798",NA,"TWN",21579032.8341176,79,"crop"
"799",NA,"TZA",233815762.956,45,"crop"
"800",NA,"UGA",5548718.62341177,34,"crop"
"801",NA,"UKR",805148247.372705,27,"crop"
"802",NA,"URY",231493414.636412,35,"crop"
"803",NA,"USA",1875847732.61965,18,"crop"
"804",NA,"UZB",257622612.641471,51,"crop"
"805",NA,"VAT",1030.62282352941,63,"crop"
"806",NA,"VCT",1555.85523529412,30,"crop"
"807",NA,"VEN",94213642.5467647,29,"crop"
"808",NA,"VGB",17551.7137058824,54,"crop"
"809",NA,"VIR",73023.9428823529,49,"crop"
"810",NA,"VNM",262022782.572529,61,"crop"
"811",NA,"YEM",20630160.8449412,16,"crop"
"812",NA,"ZAF",339522866.362059,45,"crop"
"813",NA,"ZMB",63538287.5945294,50,"crop"
"814",NA,"ZWE",190117814.596235,46,"crop"
