"","X1","NAME_EN","ISO_A3","INCOME_GRP","biomass_crop","biomass_pasture","area_crop","area_pasture","total_area","total_biomass","density_crop","density_pasture","potential_crop","potential_pasture","total_potential"
"1",1,"Afghanistan","AFG","5. Low income",963302.978035955,3428204.4276404,8499246.97822249,24755404.5510289,33254651.5292514,4391507.40567636,0.113339802985395,0.138483070255376,414347322.368823,995905883.702823,1410253206.07165
"2",2,"Åland Islands","ALA","1. High income: OECD",22727.9767495,12741.3304385,8864.068391,1798.709963,10662.778354,35469.307188,2.56405701614131,7.08359363132076,179889.091058824,45657.1801764706,225546.271235295
"3",3,"Albania","ALB","4. Lower middle income",545891.0752365,62290.529191,674971.265073,18029.958798,693001.223871,608181.6044275,0.808761948077094,3.45483480516382,15373215.8444118,528865.207941177,15902081.052353
"4",4,"Algeria","DZA","3. Upper middle income",1639536.256854,5503867.18824,8102694.98729444,21871940.73591,29974635.7232044,7143403.445094,0.202344560596802,0.251640549629123,387116965.588235,NA,NA
"5",5,"American Samoa","ASM","3. Upper middle income",0,0,0,0,0,0,NA,NA,NA,NA,NA
"6",6,"Andorra","AND","2. High income: nonOECD",1663.5539235,29882.98772,1086.924704,12565.59088,13652.515584,31546.5416435,1.53051441132761,2.37816016814324,21907.4287058824,179303.643176471,201211.071882353
"7",7,"Angola","AGO","3. Upper middle income",34049676.0448962,295663963.623253,4016539.31391102,23759537.984595,27776077.298506,329713639.668149,8.47736655457781,12.4440114877214,42159301.8758823,211716831.564706,253876133.440588
"8",8,"Anguilla","AIA","3. Upper middle income",0,10570.29742575,0,2746.5159825,2746.5159825,10570.29742575,NA,3.84862039511179,NA,70288.1428235295,NA
"9",9,"Antarctica","ATA","2. High income: nonOECD",0,0,0,0,0,0,NA,NA,NA,NA,NA
"10",10,"Antigua and Barbuda","ATG","3. Upper middle income",14459.2313786,45946.25361945,6823.5660928,10554.6073081,17378.1734009,60405.48499805,2.11901389712586,4.35319403917464,176582.995941176,216954.180352941,393537.176294117
"11",11,"Argentina","ARG","3. Upper middle income",15112715.2674854,14759874.951972,61169874.8981987,71735928.2436909,132905803.14189,29872590.2194574,0.247061405514341,0.205752895562066,872354424.048,1424558533.03764,2296912957.08564
"12",12,"Armenia","ARM","4. Lower middle income",633742.1658,134134.406245,1496834.2404,213578.60071,1710412.84111,767876.572045,0.423388341003373,0.628032985510237,28804767.2594117,6966689.66894118,35771456.9283529
"13",13,"Aruba","ABW","2. High income: nonOECD",5.34341611,7046.2156485,73.92272129,13279.958883,13353.88160429,7051.55906461,0.0722838122941618,0.530590170540365,NA,449566.56282353,NA
"14",14,"Australia","AUS","1. High income: OECD",14624631.0288066,74041383.3088213,67213707.0074331,258427085.026929,325640792.034363,88666014.3376279,0.217584056585204,0.286507829862747,1517070051.17859,6636344988.34959,8153415039.52818
"15",15,"Australian Indian Ocean Territories","IOA","2. High income: nonOECD",0,0,0,0,0,0,NA,NA,NA,NA,NA
"16",16,"Austria","AUT","1. High income: OECD",4225239.93405,701175.352143165,2564764.0075,396051.16602407,2960815.17352407,4926415.28619316,1.64741860135839,1.77041607826134,39043961.1693529,5070481.00305883,44114442.1724117
"17",17,"Azerbaijan","AZE","3. Upper middle income",3669560.7906,1127683.046465,4797955.923,876591.14507,5674547.06807,4797243.837065,0.764817528441476,1.28644129342072,130255066.865118,34166406.8322354,164421473.697353
"18",18,"Bahrain","BHR","2. High income: nonOECD",18.4250170824998,2.32936384700007,5134.202369216,15055.3955846,20189.597953816,20.7543809294999,0.00358868150444824,0.000154719537850121,NA,NA,NA
"19",19,"Bangladesh","BGD","5. Low income",23043830.1888568,339791.121582764,8850475.9907124,149013.909676061,8999489.90038846,23383621.3104396,2.60368258306545,2.28026445532119,506568123.832235,7585321.02705882,514153444.859294
"20",20,"Barbados","BRB","2. High income: nonOECD",17112.949405,25188.44858,15996.06749,14845.19475,30841.26224,42301.397985,1.06982228073858,1.6967408649186,272977.803352941,553622.159823528,826599.963176469
"21",21,"Belarus","BLR","3. Upper middle income",3533689.9385,11517.94292205,10161172.103,2467.8109399,10163639.9139399,3545207.88142205,0.347764008195148,4.66727119805893,148079431.552941,44555.9156470588,148123987.468588
"22",22,"Belgium","BEL","1. High income: OECD",2292811.9075,45201.70389855,1605350.211,15608.2722729,1620958.4832729,2338013.61139855,1.4282316044122,2.89600944346876,21496349.8118824,679507.858941177,22175857.6708236
"23",23,"Belize","BLZ","4. Lower middle income",498237.630476875,149582.33597975,139607.91179425,27115.4683765,166723.38017075,647819.966456625,3.5688352047781,5.51649464072646,2964438.26947059,191091.327705882,3155529.59717647
"24",24,"Benin","BEN","5. Low income",53531940.2660325,167764.549896,3237249.371035,16591.216308,3253840.587343,53699704.8159285,16.5362423868253,10.1116486447776,25596814.3561765,245853.368117647,25842667.7242941
"25",25,"Bermuda","BMU","2. High income: nonOECD",0,4393.7864525,0,1450.324045,1450.324045,4393.7864525,NA,3.02952051829217,NA,7564.78764705882,NA
"26",26,"Bhutan","BTN","4. Lower middle income",91052.7829094,853986.37131005,47379.0764332,185927.898801572,233306.975234772,945039.15421945,1.92179311552803,4.59310505209038,613683.651,2780712.44329412,3394396.09429412
"27",27,"Bolivia","BOL","4. Lower middle income",1796791.1462837,18915793.207025,2805934.0877976,12303687.77932,15109621.8671176,20712584.3533087,0.640354010487116,1.53740842146682,47091442.6060588,207632819.523353,254724262.129412
"28",28,"Bosnia and Herzegovina","BIH","3. Upper middle income",3396920.30642,54781.37226485,1590941.85426,18123.1143113,1609064.9685713,3451701.67868485,2.13516307797435,3.02273501804781,48412632.9008823,438838.621235295,48851471.5221176
"29",29,"Botswana","BWA","3. Upper middle income",321869.09067575,15855373.13025,1629797.4407675,22222965.4235,23852762.8642675,16177242.2209258,0.197490241808317,0.713467929598788,22025794.7322353,225088689.242294,247114483.97453
"30",30,"Brazil","BRA","3. Upper middle income",130163926.073837,164604362.602901,141380137.049501,46499221.2643419,187879358.313843,294768288.676739,0.920666288704072,3.53993804900833,3391524195.17418,1172204982.14365,4563729177.31783
"31",31,"British Indian Ocean Territory","IOT","2. High income: nonOECD",0,0,0,0,0,0,NA,NA,NA,NA,NA
"32",32,"British Virgin Islands","VGB","1. High income: OECD",5362.6865375405,10704.298623,823.444923719,2013.105655,2836.550578719,16066.9851605405,6.51250178739399,5.31730592302171,17551.7137058824,44363.0341764706,61914.747882353
"33",33,"Brunei","BRN","2. High income: nonOECD",114014.04290922,9469.0003663,18310.25038846,4451.1016586,22761.35204706,123483.04327552,6.22678775496577,2.12733859897468,543865.386352941,122269.371,666134.757352941
"34",34,"Bulgaria","BGR","3. Upper middle income",2225367.30132043,395178.3947223,5695376.01018425,71857.99590309,5767234.00608734,2620545.69604273,0.390732288323213,5.49943523689765,129371820.158294,878308.453411765,130250128.611706
"35",35,"Burkina Faso","BFA","5. Low income",4920349.7276,9765587.997295,5824353.2019,1422010.47167,7246363.67357,14685937.724895,0.844789036144803,6.86745153558986,105935210.016,18407625.0967059,124342835.112706
"36",36,"Burundi","BDI","5. Low income",13757546.82988,4309123.69941,541093.28224,169457.24118,710550.52342,18066670.52929,25.4254622658167,25.4289735239628,1068245.89623529,379928.381470588,1448174.27770588
"37",37,"Cambodia","KHM","5. Low income",14622327.0686293,513985.50047895,6101790.5530403,51602.7632571,6153393.3162974,15136312.5691083,2.39639937515449,9.96042591591703,275924074.461176,1701896.02994118,277625970.491117
"38",38,"Cameroon","CMR","4. Lower middle income",34067849.4959606,4123321.17178085,4005167.1687188,436099.6677043,4441266.8364231,38191170.6677414,8.50597442275011,9.45499727960511,73966698.8135294,9526700.03029412,83493398.8438235
"39",39,"Canada","CAN","1. High income: OECD",16578944.3774635,11172035.6087192,41428839.7006914,15306422.0751452,56735261.7758366,27750979.9861827,0.400178824636183,0.72989203837914,496291842.536117,236140436.431411,732432278.967528
"40",40,"Cape Verde","CPV","4. Lower middle income",0,0,1.373606891,561.4602026,562.833809491,0,0,0,NA,NA,NA
"41",41,"Cayman Islands","CYM","2. High income: nonOECD",0,34042.665644,0,6475.017472,6475.017472,34042.665644,NA,5.25754035278069,NA,57137.013882353,NA
"42",42,"Central African Republic","CAF","5. Low income",6203552.80279574,7953520.60467166,248402.457507833,482865.62698568,731268.084493513,14157073.4074674,24.973798025328,16.4714988190856,1910570.36876471,6981373.27782353,8891943.64658824
"43",43,"Chad","TCD","5. Low income",36310969.3238435,108937648.689595,5306885.779453,38904500.55389,44211386.333343,145248618.013438,6.8422368283167,2.80012973148688,85441273.9335882,717597735.809471,803039009.743059
"44",44,"Chile","CHL","3. Upper middle income",10024104.9194607,15320463.2511545,4165052.10909114,6549821.314404,10714873.4234951,25344568.1706152,2.406717768928,2.3390658333629,79464871.9092353,199066977.614117,278531849.523353
"45",45,"Colombia","COL","3. Upper middle income",16416983.3766681,53853779.1572756,5649319.69298853,12518548.3207137,18167868.0137022,70270762.5339437,2.90601068249749,4.30191886292174,109812984.559412,287455451.33753,397268435.896942
"46",46,"Comoros","COM","5. Low income",446.190348235,632974.806675,16.39243743,18048.04465,18064.43708743,633420.997023235,27.2192802406811,35.071655625309,147.825,9291.44823529412,9439.27323529412
"47",47,"Cook Islands","COK","3. Upper middle income",0,0,0,0,0,0,NA,NA,NA,NA,NA
"48",48,"Costa Rica","CRI","3. Upper middle income",8012916.4924835,944435.14732445,922936.674206,97111.7351771,1020048.4093831,8957351.63980795,8.68197864103406,9.72524222332254,17694618.9522353,2478781.11105883,20173400.0632941
"49",49,"Croatia","HRV","2. High income: nonOECD",2378220.04734,539022.5358375,2133194.94232,262445.258864,2395640.201184,2917242.5831775,1.11486296922939,2.0538474886941,61702138.1509411,6998954.214,68701092.3649411
"50",50,"Cuba","CUB","3. Upper middle income",1424959.5641,1935795.577505,4107791.34987,438499.27686,4546290.62673,3360755.141605,0.346891904367318,4.41459240564048,82968948.6539999,9251933.54258823,92220882.1965881
"51",51,"Curaçao","CUW","2. High income: nonOECD",75.307626455,66253.6869,164.58399589,29982.24594,30146.82993589,66328.994526455,0.457563483300843,2.20976397273859,5003.01476470588,926608.555764708,931611.570529414
"52",52,"Cyprus","CYP","2. High income: nonOECD",168081.9655,52652.00597,260016.5952,10258.79186,270275.38706,220733.97147,0.646427838079775,5.13237881112445,14545735.739647,433152.927,14978888.666647
"53",53,"Czech Republic","CZE","1. High income: OECD",3781116.01071,4133.010966715,4460077.95458,694.68041837,4460772.63499837,3785249.02167671,0.847769041083064,5.94951413257438,100862418.537353,21459.1897058824,100883877.727059
"54",54,"Democratic Republic of the Congo","COD","5. Low income",76146235.0408407,23344813.9028227,3702576.89325387,1122907.41181878,4825484.30507265,99491048.9436634,20.5657403576358,20.7896160067293,3715566.52976471,997373.264647059,4712939.79441177
"55",55,"Denmark","DNK","1. High income: OECD",3345322.0014,135467.518305,2875148.5682,37186.63149,2912335.19969,3480789.519705,1.16353013489468,3.64290910139116,70941173.8824705,1002792.79394118,71943966.6764117
"56",56,"Djibouti","DJI","4. Lower middle income",97.8163395,2534.9279235,197.82060217,401139.798663,401337.61926517,2632.744263,0.494469930972812,0.00631931294762803,1729.01382352941,3478363.72464706,3480092.73847059
"57",57,"Dominica","DMA","3. Upper middle income",20402.88680025,25875.48458355,851.3246335,1635.3927329,2486.7173664,46278.3713838,23.9660477300755,15.8221839091003,4586.03258823529,15183.8576470588,19769.8902352941
"58",58,"Dominican Republic","DOM","3. Upper middle income",5478955.594097,1300366.138348,1544439.953906,135204.607664,1679644.56157,6779321.732445,3.54753551942264,9.61776496241584,33021755.0654118,3751191.57811765,36772946.6435294
"59",59,"East Timor","TLS","4. Lower middle income",346296.7822,215253.9918,112617.2197,45937.5012,158554.7209,561550.774,3.07498962523224,4.68580105963622,4258272.51670588,2210130.08982353,6468402.60652941
"60",60,"Ecuador","ECU","3. Upper middle income",9486711.69900465,5423220.6682915,1746530.80016561,635261.893747,2381792.69391261,14909932.3672961,5.43174600648616,8.53698407172422,27501483.7773529,9748203.23664706,37249687.014
"61",61,"Egypt","EGY","4. Lower middle income",22487614.915807,124849.353415,4295528.29036626,660448.55178,4955976.84214626,22612464.269222,5.23512206082795,0.189037212782909,166722928.459059,5857270.45764705,172580198.916706
"62",62,"El Salvador","SLV","4. Lower middle income",3837582.564644,443111.420479,788225.628092,33896.760912,822122.389004,4280693.985123,4.86863459886905,13.0723823916205,20334511.7449412,766121.911058824,21100633.656
"63",63,"Equatorial Guinea","GNQ","2. High income: nonOECD",533.637252315,86821.356409185,12.05056846,3735.45822063,3747.50878909,87354.9936615,44.2831600921008,23.2424916251753,7.425,5837.79088235294,5845.21588235294
"64",64,"Eritrea","ERI","5. Low income",119933.7875585,523003.694185,640599.805603,6819321.61551,7459921.421113,642937.4817435,0.187221080165027,0.0766943874586396,4212229.455,62918367.9354706,67130597.3904706
"65",65,"Estonia","EST","1. High income: OECD",782608.3505,48033.50092,1304984.946,13206.41796,1318191.36396,830641.85142,0.599706803437716,3.63713317763267,32225856.8225294,317091.174176471,32542947.9967059
"66",66,"eSwatini","SWZ","4. Lower middle income",7611758.12774,8163198.40564,511619.49252,444911.67872,956531.17124,15774956.53338,14.8777719360301,18.3479076771491,3013988.43811765,2337973.67082353,5351962.10894118
"67",67,"Ethiopia","ETH","5. Low income",268461287.747729,17286257.82057,21223461.9178259,11067953.82526,32291415.7430859,285747545.568299,12.6492694164209,1.56182959320974,155041602.339353,242600855.134588,397642457.473941
"68",68,"Falkland Islands","FLK","1. High income: OECD",0,241669.08255,0,950657.8849,950657.8849,241669.08255,NA,0.254212463167464,NA,10363134.9321176,NA
"69",69,"Faroe Islands","FRO","2. High income: nonOECD",0,0,0,0,0,0,NA,NA,NA,NA,NA
"70",70,"Federated States of Micronesia","FSM","4. Lower middle income",0,9101.045039,0,1375.247962,1375.247962,9101.045039,NA,6.61774842826489,NA,41883.5382352941,NA
"71",71,"Fiji","FJI","4. Lower middle income",0,0,0,0,0,0,NA,NA,NA,NA,NA
"72",72,"Finland","FIN","1. High income: OECD",862969.82441,877694.4983285,803758.94998,197388.39222,1001147.3422,1740664.3227385,1.07366745270018,4.44653552550477,16300587.5968235,4668255.38223529,20968842.9790588
"73",73,"France","FRA","1. High income: OECD",36862574.814116,3482553.5617825,30491830.0559997,497097.283125,30988927.3391247,40345128.3758985,1.20893284353271,7.00577870771983,450174872.761411,10742259.8647059,460917132.626117
"74",74,"French Polynesia","PYF","2. High income: nonOECD",0,0,0,0,0,0,NA,NA,NA,NA,NA
"75",75,"French Southern and Antarctic Lands","ATF","2. High income: nonOECD",0,0,0,0,0,0,NA,NA,NA,NA,NA
"76",76,"Gabon","GAB","3. Upper middle income",3827.1796697955,3943310.357615,152.503980109,262361.13987,262513.643850109,3947137.5372848,25.0956051577151,15.0300854751924,906.84,1499178.75511765,1500085.59511765
"77",77,"Georgia","GEO","4. Lower middle income",2747259.0871,2430707.3824895,2067477.4,783686.561351,2851163.961351,5177966.4695895,1.32879763865859,3.1016320840046,63830276.7052941,10313239.5458823,74143516.2511764
"78",78,"Germany","DEU","1. High income: OECD",23888155.71981,330103.3542465,18851380.72598,82198.478847,18933579.204827,24218259.0740565,1.26718334678205,4.01593020791707,357956907.215823,1969606.19276471,359926513.408588
"79",79,"Ghana","GHA","4. Lower middle income",29596068.94344,102367990.36705,3542597.89512,5480455.9861608,9023053.8812808,131964059.31049,8.35434046415744,18.6787359711579,38533886.9571176,16201820.3835882,54735707.3407058
"80",80,"Greece","GRC","1. High income: OECD",5574220.268175,2068666.074896,4344201.32526,409783.918308,4753985.243568,7642886.343071,1.28314040966814,5.04818755074024,106026094.318059,15293322.1048236,121319416.422883
"81",81,"Greenland","GRL","2. High income: nonOECD",0,0,0,0,0,0,NA,NA,NA,NA,NA
"82",82,"Grenada","GRD","3. Upper middle income",20963.74689523,32570.32573145,1137.47712154,2500.2986501,3637.77577164,53534.07262668,18.4300382823065,13.0265741375125,3343.91761764706,14241.4972941176,17585.4149117647
"83",83,"Guam","GUM","2. High income: nonOECD",0,0,0,0,0,0,NA,NA,NA,NA,NA
"84",84,"Guatemala","GTM","4. Lower middle income",14512584.890148,229117.087089995,2364651.9160501,23453.81499861,2388105.73104871,14741701.9772379,6.13730282738175,9.76886221297361,57662854.772647,492109.156588235,58154963.9292352
"85",85,"Guernsey","GGY","2. High income: nonOECD",3705.85970475,5819.5073305,931.9725445,1460.540239,2392.5127835,9525.36703525,3.9763614568047,3.98448955742876,9332.40776470588,54121.534764706,63453.9425294119
"86",86,"Guinea","GIN","5. Low income",15616513.427475,70229018.945319,632595.64275,2074008.548462,2706604.191212,85845532.372794,24.6864068800528,33.8614896247163,4989995.91052941,6068492.02605882,11058487.9365882
"87",87,"Guinea-Bissau","GNB","5. Low income",4607717.53751,19999464.704155,190571.24698,633946.98869,824518.23567,24607182.241665,24.178450897126,31.547534826977,737536.850294118,1332660.87141176,2070197.72170588
"88",88,"Guyana","GUY","4. Lower middle income",600112.161254342,396063.09631586,140887.708924452,585202.542700984,726090.251625436,996175.257570202,4.25950685006979,0.676796608722585,859462.769294118,13951684.1380588,14811146.9073529
"89",89,"Haiti","HTI","5. Low income",2744258.4715905,153934.0790524,1054454.297719,30910.7736442,1085365.0713632,2898192.5506429,2.60253903609373,4.97994908908673,31195838.645647,1039909.43470588,32235748.0803529
"90",90,"Heard Island and McDonald Islands","HMD","5. Low income",0,0,0,0,0,0,NA,NA,NA,NA,NA
"91",91,"Honduras","HND","4. Lower middle income",11088677.2988749,423027.536953279,1809622.4817902,53524.707521041,1863147.18931124,11511704.8358282,6.12761910865809,7.90340679184438,56907002.5205294,428459.885294118,57335462.4058235
"92",92,"Hong Kong","HKG","2. High income: nonOECD",38963.746205,150827.54875,10190.64844,18479.2043,28669.85274,189791.294955,3.82348056008495,8.16201532822493,552235.601117647,902945.135117647,1455180.73623529
"93",93,"Hungary","HUN","1. High income: OECD",3605665.19,28737.4849365,6988669.62,3965.672987,6992635.292987,3634402.6749365,0.515930124909811,7.24655941897007,169212496.386176,79563.375,169292059.761176
"94",94,"Iceland","ISL","1. High income: OECD",0,619786.85765,0,321247.9797,321247.9797,619786.85765,NA,1.92930974454312,NA,6985820.2127647,NA
"95",95,"India","IND","4. Lower middle income",73003742.0098058,6204123.0751017,177596747.822158,1577832.6335606,179174580.455718,79207865.0849075,0.411064633249424,3.93205397273425,10261519094.2202,49861305.9991765,10311380400.2194
"96",96,"Indonesia","IDN","4. Lower middle income",70875962.9569452,4282592.72640786,13309013.625345,710643.800277137,14019657.4256221,75158555.6833531,5.32541065417297,6.02635627685449,309200895.481588,23324061.5832353,332524957.064823
"97",97,"Iran","IRN","3. Upper middle income",5280635.0157065,3429715.080528,33232207.3975535,42609879.945132,75842087.3426855,8710350.0962345,0.158901121208555,0.0804910758947076,664663591.390411,1729317668.09012,2393981259.48053
"98",98,"Iraq","IRQ","4. Lower middle income",314530.62592,138851.69527,12391778.18333,1501820.86863,13893599.05196,453382.32119,0.0253822027207622,0.0924555638893633,577469921.035235,43435508.5300589,620905429.565294
"99",99,"Ireland","IRL","1. High income: OECD",20689098.83215,1478318.4791,4578480.4547,424936.8251,5003417.2798,22167417.31125,4.51876971778088,3.47891355086043,53484983.2447059,6001298.69205882,59486281.9367647
"100",100,"Isle of Man","IMN","2. High income: nonOECD",145644.293325,32589.6560045,32392.34285,5951.052361,38343.395211,178233.9493295,4.4962568468554,5.47628453382045,598984.563352941,110297.787352941,709282.350705882
"101",101,"Israel","ISR","1. High income: OECD",373593.91317435,8851.760143,743769.6684472,65569.879324,809339.5477712,382445.67331735,0.502297860511465,0.134997352965389,16327701.0596471,1314184.44511765,17641885.5047647
"102",102,"Italy","ITA","1. High income: OECD",21031852.7597299,570014.458774,16629575.3625349,188869.269835,16818444.6323699,21601867.2185039,1.26472578530856,3.01803707544364,454114855.515353,3751161.11541176,457866016.630765
"103",103,"Ivory Coast","CIV","4. Lower middle income",73466110.6104235,162832113.950254,3124812.418853,6001215.574223,9126027.993076,236298224.560677,23.5105666398337,27.1331885909358,13313951.0188235,9637892.02464705,22951843.0434706
"104",104,"Jamaica","JAM","3. Upper middle income",965846.0721285,76345.2382135,197382.514203,11809.991323,209192.505526,1042191.310342,4.89327069334605,6.46446183790308,5154818.07458824,259881.414882353,5414699.48947059
"105",105,"Japan","JPN","1. High income: OECD",7764021.4217975,1353257.0066617,3422314.439335,386612.5847956,3808927.0241306,9117278.4284592,2.26864642610284,3.50029217847929,33804951.801,12876210.8242941,46681162.6252941
"106",106,"Jersey","JEY","2. High income: nonOECD",8185.7862055,5809.8515845,5623.785719,2244.211251,7867.99697,13995.63779,1.45556509698516,2.58881670872614,64706.3355882353,77875.9415294118,142582.277117647
"107",107,"Jordan","JOR","3. Upper middle income",16511.2087975,630.734245499987,508541.9537131,157513.697593,666055.6513061,17141.943043,0.0324677417014349,0.00400431362566158,10477556.3555294,1960666.82011765,12438223.175647
"108",108,"Kazakhstan","KAZ","3. Upper middle income",16254890.914015,24834806.820685,61570209.76267,170823679.12663,232393888.8893,41089697.7347,0.264005774491779,0.145382694879644,2062976749.96835,5572977919.25593,7635954669.22428
"109",109,"Kenya","KEN","5. Low income",102750880.466516,12580236.6718831,7417243.96029476,20432011.3648392,27849255.325134,115331117.138399,13.852973020242,0.61571210231079,87896199.3278823,369466811.764941,457363011.092823
"110",110,"Kiribati","KIR","4. Lower middle income",0,0,0,0,0,0,NA,NA,NA,NA,NA
"111",111,"Kosovo","KOS","4. Lower middle income",599629.2817195,0,506589.804251,0,506589.804251,599629.2817195,1.18365840900817,NA,207591.205764706,50258.3207647059,257849.526529412
"112",112,"Kuwait","KWT","2. High income: nonOECD",35.4525049999975,48.4008250000043,41649.52172,131698.00081,173347.52253,83.8533300000017,0.000851210374955477,0.000367513741304485,NA,1967887.67223529,NA
"113",113,"Kyrgyzstan","KGZ","5. Low income",1068696.15066,8922748.59876962,2128346.54854,7731793.27401336,9860139.82255336,9991444.74942962,0.502125065766711,1.15403351881627,30455294.9357647,262979244.358941,293434539.294706
"114",114,"Laos","LAO","4. Lower middle income",6187710.828125,69596.96939978,1924112.34865,9293.81510944,1933406.16375944,6257307.79752478,3.21587813334623,7.48852528054795,104021042.320588,440636.456470588,104461678.777059
"115",115,"Latvia","LVA","3. Upper middle income",1390814.1015,50930.39109,2485637.466,11191.00912,2496828.47512,1441744.49259,0.559540206697222,4.55100970286762,49504599.2071765,225316.166823529,49729915.374
"116",116,"Lebanon","LBN","3. Upper middle income",148984.455125,44024.449485,225337.10975,18178.00063,243515.11038,193008.90461,0.661162536833328,2.42185322693544,4466089.48323529,767018.586352942,5233108.06958823
"117",117,"Lesotho","LSO","4. Lower middle income",1113555.4814,5302853.586,702240.4024,1519384.789,2221625.1914,6416409.0674,1.58571833462483,3.49013207476569,7083182.31141176,16821623.7284118,23904806.0398235
"118",118,"Liberia","LBR","5. Low income",76729.1723178775,438601.5334631,2198.681104885,12544.6123438,14743.293448685,515330.705780977,34.8978176723317,34.9633389572116,1437.84,3369.29452941176,4807.13452941176
"119",119,"Libya","LBY","3. Upper middle income",18535.0559209998,435216.594864499,1822863.083171,11532004.67248,13354867.755651,453751.650785499,0.0101681009902054,0.0377398906109621,69955250.6013529,183365957.032235,253321207.633588
"120",120,"Liechtenstein","LIE","2. High income: nonOECD",24255.134469,0,4488.719232,0,4488.719232,24255.134469,5.40357576746738,NA,113187.145941176,NA,NA
"121",121,"Lithuania","LTU","3. Upper middle income",887169.64,9663.32956665,3819844.234,4831.3849177,3824675.6189177,896832.96956665,0.232252831700152,2.0001158531683,82326175.7788235,116518.389,82442694.1678235
"122",122,"Luxembourg","LUX","1. High income: OECD",232075.20295,0,132410.8671,0,132410.8671,232075.20295,1.75269000220904,NA,1479265.85364706,NA,NA
"123",123,"Macau","MAC","2. High income: nonOECD",538.527253,375.322872,362.348045,756.343444,1118.691489,913.850125,1.4862154230748,0.496233391030755,18420.7254705882,38125.2040588235,56545.9295294117
"124",124,"Madagascar","MDG","5. Low income",47099558.762703,166954784.325775,2779909.895294,18248517.60475,21028427.500044,214054343.088478,16.9428364719432,9.14895050337226,33121447.4666471,324680535.367412,357801982.834059
"125",125,"Malawi","MWI","5. Low income",77961180.5082385,16480892.1533555,4417334.605523,548607.279089,4965941.884612,94442072.661594,17.6489189681858,30.0413297117077,44689312.0639412,1059566.65094118,45748878.7148824
"126",126,"Malaysia","MYS","3. Upper middle income",11186855.4064539,187674.036698441,1933453.36630826,66672.029906077,2000125.39621434,11374529.4431523,5.78594529425557,2.81488409701675,30471882.0245294,1709898.11117647,32181780.1357059
"127",127,"Maldives","MDV","3. Upper middle income",0,0,0,1.248337817,1.248337817,0,NA,0,NA,NA,NA
"128",128,"Mali","MLI","5. Low income",18928886.2589,27975025.817,10698800.1074,21935661.60617,32634461.71357,46903912.0759,1.76925319371165,1.27532172583895,251015372.362765,NA,NA
"129",129,"Malta","MLT","2. High income: nonOECD",4276.24558,1642.9604135,16400.10955,4174.225355,20574.334905,5919.2059935,0.260744939962916,0.393596481687798,268779.316411764,93569.3452941177,362348.661705882
"130",130,"Marshall Islands","MHL","4. Lower middle income",0,0,0,0,0,0,NA,NA,NA,NA,NA
"131",131,"Mauritania","MRT","5. Low income",3990.18453725,110502.471315,91234.5152863,9639150.324091,9730384.8393773,114492.65585225,0.0437354714356571,0.0114639223997599,664822.136294118,NA,NA
"132",132,"Mauritius","MUS","3. Upper middle income",0,2324228.138805,0,80116.29839,80116.29839,2324228.138805,NA,29.0106780456935,NA,168110.112882353,NA
"133",133,"Mexico","MEX","3. Upper middle income",57033338.4788185,39851514.3533882,31277611.449907,40775521.8616007,72053133.3115077,96884852.8322067,1.82345568715056,0.97733916168262,758568076.247117,454327977.281293,1212896053.52841
"134",134,"Moldova","MDA","4. Lower middle income",913498.8631,0,2745905.2908,0,2745905.2908,913498.8631,0.332676755516888,NA,57173639.6632941,NA,NA
"135",135,"Monaco","MCO","2. High income: nonOECD",1713.9260268,15.58116267,648.8964354,12.00642014,660.90285554,1729.50718947,2.64129363839621,1.29773591864327,18755.8311176471,380.847970588235,19136.6790882353
"136",136,"Mongolia","MNG","4. Lower middle income",35396.573704365,31487695.37315,924894.859007148,85567089.0257,86491983.8847072,31523091.9468544,0.038270916266485,0.367988390532868,22471351.5864706,3241652267.40759,3264123618.99406
"137",137,"Montenegro","MNE","3. Upper middle income",417636.46115,71645.325049,185896.96281,13559.792352,199456.755162,489281.786199,2.2466018531828,5.28365945356329,7497781.011,405160.134705882,7902941.14570588
"138",138,"Montserrat","MSR","4. Lower middle income",803.7285715375,17991.71552375,232.048961345,3392.6749105,3624.723871845,18795.4440952875,3.46361632854953,5.30310625048907,1130.98147058824,28683.6432352941,29814.6247058824
"139",139,"Morocco","MAR","4. Lower middle income",2851462.7595605,7053872.96595,8426123.219228,12448851.9275,20874975.146728,9905335.7255105,0.338407436655282,0.566628393287233,389443308.137823,678550665.735441,1067993973.87326
"140",140,"Mozambique","MOZ","5. Low income",99477606.4456247,408277931.759888,5037171.8126305,18135385.256825,23172557.0694555,507755538.205512,19.7487022769779,22.5127796282264,34127047.6408235,61471666.0759412,95598713.7167647
"141",141,"Myanmar","MMR","5. Low income",13231756.6503813,761318.93396208,13113890.6210132,103108.148426034,13216998.7694392,13993075.5843434,1.00898787650243,7.3836931957732,616069345.846588,4075327.24958823,620144673.096176
"142",142,"Namibia","NAM","3. Upper middle income",205253.34102601,8388457.478985,914248.065171906,35851280.62943,36765528.6946019,8593710.82001101,0.2245050865789,0.233979298136954,9956952.73111763,449372087.290235,459329040.021352
"143",143,"Nepal","NPL","5. Low income",2281320.5272395,298161.9127385,2040954.986211,81045.197357,2122000.183568,2579482.439978,1.11777111335255,3.67895843877228,110109818.261294,1655831.85564706,111765650.116941
"144",144,"Netherlands","NLD","1. High income: OECD",2766867.89431952,541061.8691116,2102631.17192235,142342.2022598,2244973.37418215,3307929.76343112,1.31590738845077,3.80113459340797,29146545.303,4774605.44788235,33921150.7508823
"145",145,"New Caledonia","NCL","2. High income: nonOECD",0,5623991.73995,0,308226.5691,308226.5691,5623991.73995,NA,18.2462912148413,NA,11115428.9551765,NA
"146",146,"New Zealand","NZL","1. High income: OECD",6999878.69057952,10668919.5085863,7368654.11756296,4114204.1908535,11482858.3084165,17668798.1991658,0.94995348932114,2.5931915417093,76369915.991647,38238508.9395883,114608424.931235
"147",147,"Nicaragua","NIC","4. Lower middle income",21373737.221897,3587315.2154855,2703558.871936,491101.79652,3194660.668456,24961052.4373825,7.9057783589493,7.30462653752359,62319365.7197647,8264628.5172353,70583994.237
"148",148,"Niger","NER","5. Low income",41199.5830762499,215466.459999999,7429665.4741512,17897854.7689,25327520.2430512,256666.043076249,0.00554528103850553,0.0120386751810279,57681244.0602353,324697590.533647,382378834.593882
"149",149,"Nigeria","NGA","4. Lower middle income",173499005.329239,61688365.0698248,31251196.409351,6182037.1119173,37433233.5212683,235187370.399064,5.5517556210208,9.97864683647827,563514227.735824,105975210.084706,669489437.82053
"150",150,"Niue","NIU","3. Upper middle income",0,0,0,0,0,0,NA,NA,NA,NA,NA
"151",151,"Norfolk Island","NFK","4. Lower middle income",0,0,0,0,0,0,NA,NA,NA,NA,NA
"152",152,"North Korea","PRK","5. Low income",3624602.47347398,205157.5642953,3189617.03583715,57582.138099,3247199.17393615,3829760.03776928,1.13637544343083,3.56286812314222,78211300.6182353,2009968.61470588,80221269.2329412
"153",153,"Northern Mariana Islands","MNP","2. High income: nonOECD",0,0,0,0,0,0,NA,NA,NA,NA,NA
"154",154,"Norway","NOR","1. High income: OECD",1342549.56869,3157732.770043,419687.73692,670828.761804,1090516.498724,4500282.338733,3.19892494010592,4.70721136277936,NA,17761769.4520588,NA
"155",155,"Oman","OMN","2. High income: nonOECD",29230.147976165,2838.28024077998,177304.60993287,593794.31205469,771098.92198756,32068.428216945,0.164858364298773,0.00477990472990345,1228146.15052941,NA,NA
"156",156,"Pakistan","PAK","4. Lower middle income",1745247.3562335,653688.326992,20892009.7015014,1143072.60731868,22035082.3088201,2398935.6832255,0.0835365951466161,0.571869470763861,361993114.807588,NA,NA
"157",157,"Palau","PLW","3. Upper middle income",74.1348894635,31033.7643005,6.916895673,2274.839319,2281.756214673,31107.8991899635,10.7179424077313,13.6421786107259,263.475,78409.3635882353,78672.8385882353
"158",158,"Palestine","PSE","4. Lower middle income",24315.1643791,376.175289555,159588.4151248,8821.85827193,168410.27339673,24691.339668655,0.152361713474535,0.0426412755634423,2990966.14129411,282628.447235294,3273594.5885294
"159",159,"Panama","PAN","3. Upper middle income",7104508.702708,216689.54948505,1243452.351034,21626.5066469,1265078.8576809,7321198.25219305,5.71353514012837,10.0196279049123,33116772.1207059,346401.109764706,33463173.2304706
"160",160,"Papua New Guinea","PNG","4. Lower middle income",790641.385962089,676130.45584928,146364.861920032,84845.04508664,231209.907006672,1466771.84181137,5.40185243637277,7.96900343630963,5340668.92305882,2324749.2257647,7665418.14882352
"161",161,"Paraguay","PRY","4. Lower middle income",7575483.152939,30169100.930118,6393072.0612559,6031685.668124,12424757.7293799,37744584.083057,1.18495194178225,5.00176942070347,135754841.085,117233260.330059,252988101.415059
"162",162,"People's Republic of China","CHN","3. Upper middle income",186890629.333829,215521436.445177,160424426.430052,198506302.194934,358930728.624986,402412065.779006,1.16497614168075,1.08571583905449,5890727245.62864,5156431606.08194,11047158851.7106
"163",163,"Peru","PER","3. Upper middle income",2826172.62370711,8321348.20622525,2031369.01037761,9472244.8076895,11503613.8180671,11147520.8299324,1.39126500860706,0.878498009201582,31991967.441,131810253.111353,163802220.552353
"164",164,"Philippines","PHL","4. Lower middle income",15620139.6412265,2185095.03438655,4575924.868577,304098.1676729,4880023.0362499,17805234.675613,3.41354810007708,7.18549227411631,156884815.178824,8829727.11335294,165714542.292177
"165",165,"Pitcairn Islands","PCN","5. Low income",0,0,0,0,0,0,NA,NA,NA,NA,NA
"166",166,"Poland","POL","1. High income: OECD",7626894.02675,52109.86770845,18468412.5815,15712.7759171,18484125.3574171,7679003.89445845,0.41296965795479,3.31640112373394,363139107.657706,378287.562,363517395.219706
"167",167,"Portugal","PRT","1. High income: OECD",8153791.8675,503146.71808235,4810787.695,39477.9970853,4850265.6920853,8656938.58558235,1.69489746470718,12.7449910134803,172405611.622412,773764.638705882,173179376.261118
"168",168,"Puerto Rico","PRI","2. High income: nonOECD",1125748.1752325,24658.966728,233175.200675,14428.651124,247603.851799,1150407.1419605,4.82790696426405,1.70902785825789,6172963.95758823,319464.101117647,6492428.05870588
"169",169,"Qatar","QAT","2. High income: nonOECD",29.5860704400015,31.5899282499956,25768.39937294,79320.99611035,105089.39548329,61.1759986899971,0.00114815320935574,0.000398254305909727,NA,NA,NA
"170",170,"Republic of Macedonia","MKD","3. Upper middle income",378310.80075,108097.6236315,851827.84558,36763.179307,888591.024887,486408.4243815,0.444116499258618,2.94037745562766,26823034.1096471,1194936.96035294,28017971.07
"171",171,"Republic of the Congo","COG","4. Lower middle income",2756638.02745207,6084010.88887949,161035.582081607,342626.170290953,503661.75237256,8840648.91633156,17.1181920903363,17.7569941131848,81530.5046470588,602261.773235294,683792.277882352
"172",172,"Romania","ROU","3. Upper middle income",4669429.0902,765772.7472225,13068569.2666,268967.522505,13337536.789105,5435201.8374225,0.357302241350466,2.84708257744488,301990782.060706,6325703.26411765,308316485.324824
"173",173,"Russia","RUS","3. Upper middle income",79568022.7444105,34968009.9086839,152682511.931976,20574520.4491451,173257032.381121,114536032.653094,0.521133833453435,1.69957836903737,3503336565.59876,566751141.618,4070087707.21676
"174",174,"Rwanda","RWA","5. Low income",26183570.1168342,4169253.39659,1034215.7911276,196403.14382,1230618.9349476,30352823.5134242,25.317318050507,21.2280379809554,2443670.37070588,700863.553235294,3144533.92394117
"175",175,"Saint Helena","SHN","4. Lower middle income",0,0,0,0,0,0,NA,NA,NA,NA,NA
"176",176,"Saint Kitts and Nevis","KNA","2. High income: nonOECD",24108.50907482,27231.25192835,4096.17612306,4027.2975843,8123.47370736,51339.76100317,5.88561339906694,6.76166867690836,29452.4212941176,57402.4909411765,86854.9122352941
"177",177,"Saint Lucia","LCA","3. Upper middle income",28222.73296337,59570.275942,1878.24193706,5072.111547,6950.35348406,87793.00890537,15.0261435475916,11.7446699249416,23236.6655294118,51035.6777647059,74272.3432941177
"178",178,"Saint Martin","MAF","2. High income: nonOECD",0,5347.834831,0,1553.209468,1553.209468,5347.834831,NA,3.4430866803086,NA,40198.8741176471,NA
"179",179,"Saint Pierre and Miquelon","SPM","3. Upper middle income",0,12462.7055285,0,4791.952513,4791.952513,12462.7055285,NA,2.6007573102384,NA,38180.5203529412,NA
"180",180,"Saint Vincent and the Grenadines","VCT","3. Upper middle income",32620.57068817,75821.8663814,1307.20481456,3749.6021682,5056.80698276,108442.43706957,24.9544450302151,20.2213096163741,1555.85523529412,19776.4487647059,21332.304
"181",181,"Saint-Barthélemy","BLM","1. High income: OECD",0,4950.0607329,0,767.9746142,767.9746142,4950.0607329,NA,6.44560463506529,NA,27938.4615882353,NA
"182",182,"Samoa","WSM","4. Lower middle income",0,0,0,0,0,0,NA,NA,NA,NA,NA
"183",183,"San Marino","SMR","2. High income: nonOECD",4980.319279,0,5494.504302,0,5494.504302,4980.319279,0.906418305503403,NA,130653.168882352,NA,NA
"184",184,"São Tomé and Príncipe","STP","4. Lower middle income",0,59304.9800985,0,1231.350103,1231.350103,59304.9800985,NA,48.1625655887893,NA,39.15,NA
"185",185,"Saudi Arabia","SAU","2. High income: nonOECD",24398.3956607302,359.212577850214,2908290.83335634,2348826.3317634,5257117.16511974,24757.6082385804,0.00838925577211718,0.000152932795836179,20847749.4418235,19211037.7922646,40058787.2340882
"186",186,"Senegal","SEN","4. Lower middle income",9620010.7796265,28445498.367875,3980880.498017,2604722.70375,6585603.201767,38065509.1475015,2.41655351986037,10.9207395961659,110853375.354882,62815531.5776471,173668906.932529
"187",187,"Serbia","SRB","3. Upper middle income",3303034.6138305,81719.8483034,4256671.049654,21811.0843372,4278482.1339912,3384754.4621339,0.775966612242444,3.74671185714606,109104248.747294,457580.207823529,109561828.955118
"188",188,"Seychelles","SYC","3. Upper middle income",0,0,0,0,0,0,NA,NA,NA,NA,NA
"189",189,"Siachen Glacier","KAS","4. Lower middle income",0,0,0,0,0,0,NA,NA,NA,NA,NA
"190",190,"Sierra Leone","SLE","5. Low income",2199180.82263436,2676227.078755,68935.58030618,76418.17949,145353.75979618,4875407.90138936,31.9019701127722,35.0208169916585,9439.38,22597.9067647059,32037.2867647059
"191",191,"Singapore","SGP","2. High income: nonOECD",0,11673.52939,0,5219.67695,5219.67695,11673.52939,NA,2.23644671917866,NA,168754.421117647,NA
"192",192,"Sint Maarten","SXM","2. High income: nonOECD",0,6300.1677375,0,1878.413335,1878.413335,6300.1677375,NA,3.35398371599614,NA,51676.6505294119,NA
"193",193,"Slovakia","SVK","1. High income: OECD",1673347.45815,24714.6283885,2322907.0987,5823.157163,2328730.255863,1698062.0865385,0.72036779218871,4.24419738239856,55292588.5381765,176837.121705882,55469425.6598824
"194",194,"Slovenia","SVN","1. High income: OECD",1117895.5920115,57150.278524785,595626.755063,10611.30284723,606238.05791023,1175045.87053629,1.87683911528329,5.38579280485842,20975299.4011765,187506.348352941,21162805.7495294
"195",195,"Solomon Islands","SLB","4. Lower middle income",232.79505506,144517.867345,17.83485608,13804.911955288,13822.746811368,144750.66240006,13.0528137718507,10.4685830531242,51.795,329535.628058824,329587.423058824
"196",196,"Somalia","SOM","5. Low income",742357.60083655,19672560.564527,1563150.0682575,28576383.241856,30139533.3101135,20414918.1653636,0.474911280696218,0.688420238419552,11968715.1917647,226373878.213588,238342593.405353
"197",197,"Somaliland","SOL","4. Lower middle income",902.409911000003,479895.686139999,126885.652462,9688460.83776,9815346.490222,480798.096050999,0.00711199330649507,0.0495327063995185,14422720.0531765,122142027.639882,136564747.693059
"198",198,"South Africa","ZAF","3. Upper middle income",75817828.9964075,165701456.377055,16573176.145395,63726837.372291,80300013.517686,241519285.373462,4.57473138107412,2.60018326986839,339522866.362059,1283896594.14512,1623419460.50717
"199",199,"South Georgia and the South Sandwich Islands","SGS","5. Low income",0,0,0,0,0,0,NA,NA,NA,NA,NA
"200",200,"South Korea","KOR","1. High income: OECD",1455060.954405,361208.555285,1392507.86637,95743.13553,1488251.0019,1816269.50969,1.0449211739091,3.77268357972065,23391737.3105294,3395671.72905883,26787409.0395882
"201",201,"South Sudan","SSD","5. Low income",5979321.1553812,240910095.7918,929578.7146776,23378212.1704,24307790.8850776,246889416.947181,6.43229138207513,10.3048981691091,11812562.1921176,214539943.630764,226352505.822882
"202",202,"Spain","ESP","1. High income: OECD",38587661.800075,2479207.326383,30336679.67123,695172.029844,31031851.701074,41066869.126458,1.27198039529256,3.56632203246058,1256138977.41247,22826415.7882941,1278965393.20076
"203",203,"Sri Lanka","LKA","4. Lower middle income",2365240.2245015,171184.676209,1227691.117666,53378.698602,1281069.816268,2536424.9007105,1.92657598516973,3.20698482151804,44188013.0451176,1659672.66423529,45847685.7093529
"204",204,"Sudan","SDN","4. Lower middle income",1492037.44334969,42825414.535445,20673692.4987904,61876014.82559,82549707.3243804,44317451.9787947,0.0721708249959211,0.692116560126845,222440245.501059,1326837827.21382,1549278072.71488
"205",205,"Suriname","SUR","3. Upper middle income",376385.105467301,289137.959592,35304.642285944,33901.053916,69205.696201944,665523.065059301,10.6610655453986,8.52887819677895,306221.643176471,237466.697647058,543688.340823529
"206",206,"Sweden","SWE","1. High income: OECD",4044435.04775,642228.19939,2565654.2754,153963.28893,2719617.56433,4686663.24714,1.5763756974308,4.17130735419657,62275415.9611765,4160350.15729412,66435766.1184706
"207",207,"Switzerland","CHE","1. High income: OECD",3919503.78771069,427122.949842986,1258730.30642162,278369.989248928,1537100.29567055,4346626.73755368,3.11385510280852,1.53437139899818,15128830.8982941,3055979.99294117,18184810.8912353
"208",208,"Syria","SYR","4. Lower middle income",1017867.5415,120935.892595,6624829.1806,4005108.20031,10629937.38091,1138803.434095,0.153644345197715,0.0301954120953934,141934429.442647,102364037.348647,244298466.791294
"209",209,"Taiwan","TWN","2. High income: nonOECD",760351.680809,181151.3201085,522105.468152,33065.525153,555170.993305,941503.0009175,1.45631817169101,5.47855566395153,21579032.8341176,1404133.46241177,22983166.2965294
"210",210,"Tajikistan","TJK","5. Low income",278008.1392629,1120455.1077365,1156227.0773547,1683067.43148907,2839294.50884377,1398463.2469994,0.240444238599694,0.665722054133739,16078006.8238235,88598639.1315881,104676645.955412
"211",211,"Tanzania","TZA","5. Low income",176236959.779384,225532729.236313,18056340.1545192,13790351.931796,31846692.0863152,401769689.015696,9.76039209890909,16.3543853232859,233815762.956,137814248.306294,371630011.262294
"212",212,"Thailand","THA","3. Upper middle income",26191266.8404577,635875.082588752,22457440.5922021,104154.795790497,22561595.3879926,26827141.9230465,1.16626232330109,6.10509653216341,1106614886.39276,4677444.60547059,1111292330.99823
"213",213,"The Bahamas","BHS","2. High income: nonOECD",22109.0002245,1549887.4678,6926.502601,653587.4254,660513.928001,1571996.4680245,3.19194281704421,2.37135447771422,165833.843647059,15126958.1917059,15292792.0353529
"214",214,"The Gambia","GMB","5. Low income",2814221.333045,5060402.141105,322123.94211,344078.29479,666202.2369,7874623.47415,8.7364550260098,14.7071239823294,7198246.24605882,4361483.88723529,11559730.1332941
"215",215,"Togo","TGO","5. Low income",27167222.11173,2660808.692779,1842696.48184,134247.899452,1976944.381292,29828030.804509,14.7431887885315,19.8201141592563,12532153.0087059,563580.747882353,13095733.7565883
"216",216,"Tonga","TON","4. Lower middle income",0,0,0,0,0,0,NA,NA,NA,NA,NA
"217",217,"Trinidad and Tobago","TTO","2. High income: nonOECD",22002.00183725,59075.478412,9069.0561865,20188.213337,29257.2695235,81077.48024925,2.42605199315026,2.92623608765463,93470.6311764706,384398.752235294,477869.383411765
"218",218,"Tunisia","TUN","3. Upper middle income",533324.375634999,741651.2969665,4765590.62166786,1585946.415291,6351537.03695886,1274975.6726015,0.111911495966548,0.467639568282902,245583407.645118,61277694.0432353,306861101.688353
"219",219,"Turkey","TUR","3. Upper middle income",10046204.338965,4556823.315075,33939744.83847,4067341.7414611,38007086.5799311,14603027.65404,0.296001174633989,1.12034434397884,841662055.635529,160306087.011882,1001968142.64741
"220",220,"Turkish Republic of Northern Cyprus","CYN","3. Upper middle income",40323.87335,129280.112145,246284.7217,18038.77921,264323.50091,169603.985495,0.163728683905608,7.16678831976235,6306198.70147058,897407.126117648,7203605.82758823
"221",221,"Turkmenistan","TKM","3. Upper middle income",361766.72727,812168.182689999,3711957.10534,24010628.55859,27722585.66393,1173934.90996,0.0974598350690972,0.0338253611607114,193341749.173941,726321256.306236,919663005.480177
"222",222,"Turks and Caicos Islands","TCA","2. High income: nonOECD",0,55385.0466355,0,13673.210159,13673.210159,55385.0466355,NA,4.05062498063371,NA,321099.578647059,NA
"223",223,"Uganda","UGA","5. Low income",69647122.6823417,17473535.0807518,4060138.3659966,1440406.0451304,5500544.411127,87120657.7630935,17.1538791056068,12.130978719386,5548718.62341177,6810510.62435295,12359229.2477647
"224",224,"Ukraine","UKR","4. Lower middle income",15439041.25855,303665.75747515,40319344.1478,80007.7900767,40399351.9378767,15742707.0160252,0.38291895825375,3.79545238262473,805148247.372705,1765709.67970588,806913957.052411
"225",225,"United Arab Emirates","ARE","2. High income: nonOECD",3035.82956415,995.837286100002,239836.0800737,248178.8584248,488014.9384985,4031.66685025,0.0126579352164908,0.0040125790424721,1715736.20329412,2444961.44064706,4160697.64394118
"226",226,"United Kingdom","GBR","1. High income: OECD",39019724.81555,4511337.56216,13460566.6849,1909981.90508,15370548.58998,43531062.37771,2.8988173922367,2.36197921569893,180460269.868059,31411654.514647,211871924.382706
"227",227,"United States of America","USA","1. High income: OECD",53919465.9801601,89087005.6403924,162481001.869552,185939206.093391,348420207.962943,143006471.620552,0.331850895549312,0.479118995461596,1875847732.61965,4363959740.9557,6239807473.57535
"228",228,"United States Virgin Islands","VIR","2. High income: nonOECD",9616.57011858,33539.738855775,3221.70690284,6468.04905325,9689.75595609,43156.308974355,2.98493016546688,5.18544905575852,73023.9428823529,168710.170058824,241734.112941176
"229",229,"Uruguay","URY","3. Upper middle income",1751744.99606871,2083937.927426,11201649.766194,4108561.68735639,15310211.4535504,3835682.92349471,0.156382767952217,0.507218361559246,231493414.636412,NA,NA
"230",230,"Uzbekistan","UZB","4. Lower middle income",1798093.0242644,4490018.912853,7763615.72852315,18252899.031645,26016514.7601682,6288111.9371174,0.231605103490413,0.245989357913429,257622612.641471,654346540.750588,911969153.392059
"231",231,"Vanuatu","VUT","4. Lower middle income",0,201794.64368,0,12900.14904,12900.14904,201794.64368,NA,15.6428149050284,NA,39774.5422941176,NA
"232",232,"Vatican City","VAT","2. High income: nonOECD",111.6723986,0,28.8199184,0,28.8199184,111.6723986,3.87483396205591,NA,1030.62282352941,NA,NA
"233",233,"Venezuela","VEN","3. Upper middle income",11702330.2204183,28433478.8554738,7083809.31414297,7081100.1332499,14164909.4473929,40135809.0758921,1.65198266941691,4.01540414913242,94213642.5467647,155295603.839647,249509246.386412
"234",234,"Vietnam","VNM","4. Lower middle income",24023067.386188,533558.837964195,9010195.277144,182427.17025661,9192622.44740061,24556626.2241522,2.66620940470923,2.92477725337551,262022782.572529,7704782.50464706,269727565.077176
"235",235,"Wallis and Futuna","WLF","4. Lower middle income",0,0,0,0,0,0,NA,NA,NA,NA,NA
"236",236,"Western Sahara","ESH","5. Low income",0,0,0,115810.8375,115810.8375,0,NA,0,NA,NA,NA
"237",237,"Yemen","YEM","4. Lower middle income",81936.1196789885,479396.475206285,2486648.08288317,15135957.7258921,17622605.8087753,561332.594885273,0.0329504284273257,0.0316726885663939,20630160.8449412,NA,NA
"238",238,"Zambia","ZMB","4. Lower middle income",89853371.8948222,355565071.723909,6025048.07867813,14692504.586752,20717552.6654301,445418443.618731,14.913303715003,24.2004397292832,63538287.5945294,55520234.6131765,119058522.207706
"239",239,"Zimbabwe","ZWE","5. Low income",47295853.6163585,153286062.153027,9993562.82161191,12213581.9584409,22207144.7800528,200581915.769385,4.73263184117653,12.5504592080041,190117814.596235,117541625.877529,307659440.473764
"240",240,NA,NA,NA,10980751.765444,48536616.7788559,3767995.31064273,12010987.643062,15778982.9537048,59517368.5442999,2.91421587878011,4.041017959659,NA,NA,NA
